--
-- PostgreSQL database dump
--

-- Dumped from database version 15.13 (Debian 15.13-1.pgdg120+1)
-- Dumped by pg_dump version 15.13

SET statement_timeout = 0;
SET lock_timeout = 0;
SET idle_in_transaction_session_timeout = 0;
SET client_encoding = 'UTF8';
SET standard_conforming_strings = on;
SELECT pg_catalog.set_config('search_path', '', false);
SET check_function_bodies = false;
SET xmloption = content;
SET client_min_messages = warning;
SET row_security = off;

SET default_tablespace = '';

SET default_table_access_method = heap;

--
-- Name: auth_group; Type: TABLE; Schema: public; Owner: jonathanbrito
--

CREATE TABLE public.auth_group (
    id integer NOT NULL,
    name character varying(150) NOT NULL
);


ALTER TABLE public.auth_group OWNER TO jonathanbrito;

--
-- Name: auth_group_id_seq; Type: SEQUENCE; Schema: public; Owner: jonathanbrito
--

ALTER TABLE public.auth_group ALTER COLUMN id ADD GENERATED BY DEFAULT AS IDENTITY (
    SEQUENCE NAME public.auth_group_id_seq
    START WITH 1
    INCREMENT BY 1
    NO MINVALUE
    NO MAXVALUE
    CACHE 1
);


--
-- Name: auth_group_permissions; Type: TABLE; Schema: public; Owner: jonathanbrito
--

CREATE TABLE public.auth_group_permissions (
    id bigint NOT NULL,
    group_id integer NOT NULL,
    permission_id integer NOT NULL
);


ALTER TABLE public.auth_group_permissions OWNER TO jonathanbrito;

--
-- Name: auth_group_permissions_id_seq; Type: SEQUENCE; Schema: public; Owner: jonathanbrito
--

ALTER TABLE public.auth_group_permissions ALTER COLUMN id ADD GENERATED BY DEFAULT AS IDENTITY (
    SEQUENCE NAME public.auth_group_permissions_id_seq
    START WITH 1
    INCREMENT BY 1
    NO MINVALUE
    NO MAXVALUE
    CACHE 1
);


--
-- Name: auth_permission; Type: TABLE; Schema: public; Owner: jonathanbrito
--

CREATE TABLE public.auth_permission (
    id integer NOT NULL,
    name character varying(255) NOT NULL,
    content_type_id integer NOT NULL,
    codename character varying(100) NOT NULL
);


ALTER TABLE public.auth_permission OWNER TO jonathanbrito;

--
-- Name: auth_permission_id_seq; Type: SEQUENCE; Schema: public; Owner: jonathanbrito
--

ALTER TABLE public.auth_permission ALTER COLUMN id ADD GENERATED BY DEFAULT AS IDENTITY (
    SEQUENCE NAME public.auth_permission_id_seq
    START WITH 1
    INCREMENT BY 1
    NO MINVALUE
    NO MAXVALUE
    CACHE 1
);


--
-- Name: auth_user; Type: TABLE; Schema: public; Owner: jonathanbrito
--

CREATE TABLE public.auth_user (
    id integer NOT NULL,
    password character varying(128) NOT NULL,
    last_login timestamp with time zone,
    is_superuser boolean NOT NULL,
    username character varying(150) NOT NULL,
    first_name character varying(150) NOT NULL,
    last_name character varying(150) NOT NULL,
    email character varying(254) NOT NULL,
    is_staff boolean NOT NULL,
    is_active boolean NOT NULL,
    date_joined timestamp with time zone NOT NULL
);


ALTER TABLE public.auth_user OWNER TO jonathanbrito;

--
-- Name: auth_user_groups; Type: TABLE; Schema: public; Owner: jonathanbrito
--

CREATE TABLE public.auth_user_groups (
    id bigint NOT NULL,
    user_id integer NOT NULL,
    group_id integer NOT NULL
);


ALTER TABLE public.auth_user_groups OWNER TO jonathanbrito;

--
-- Name: auth_user_groups_id_seq; Type: SEQUENCE; Schema: public; Owner: jonathanbrito
--

ALTER TABLE public.auth_user_groups ALTER COLUMN id ADD GENERATED BY DEFAULT AS IDENTITY (
    SEQUENCE NAME public.auth_user_groups_id_seq
    START WITH 1
    INCREMENT BY 1
    NO MINVALUE
    NO MAXVALUE
    CACHE 1
);


--
-- Name: auth_user_id_seq; Type: SEQUENCE; Schema: public; Owner: jonathanbrito
--

ALTER TABLE public.auth_user ALTER COLUMN id ADD GENERATED BY DEFAULT AS IDENTITY (
    SEQUENCE NAME public.auth_user_id_seq
    START WITH 1
    INCREMENT BY 1
    NO MINVALUE
    NO MAXVALUE
    CACHE 1
);


--
-- Name: auth_user_user_permissions; Type: TABLE; Schema: public; Owner: jonathanbrito
--

CREATE TABLE public.auth_user_user_permissions (
    id bigint NOT NULL,
    user_id integer NOT NULL,
    permission_id integer NOT NULL
);


ALTER TABLE public.auth_user_user_permissions OWNER TO jonathanbrito;

--
-- Name: auth_user_user_permissions_id_seq; Type: SEQUENCE; Schema: public; Owner: jonathanbrito
--

ALTER TABLE public.auth_user_user_permissions ALTER COLUMN id ADD GENERATED BY DEFAULT AS IDENTITY (
    SEQUENCE NAME public.auth_user_user_permissions_id_seq
    START WITH 1
    INCREMENT BY 1
    NO MINVALUE
    NO MAXVALUE
    CACHE 1
);


--
-- Name: django_admin_log; Type: TABLE; Schema: public; Owner: jonathanbrito
--

CREATE TABLE public.django_admin_log (
    id integer NOT NULL,
    action_time timestamp with time zone NOT NULL,
    object_id text,
    object_repr character varying(200) NOT NULL,
    action_flag smallint NOT NULL,
    change_message text NOT NULL,
    content_type_id integer,
    user_id integer NOT NULL,
    CONSTRAINT django_admin_log_action_flag_check CHECK ((action_flag >= 0))
);


ALTER TABLE public.django_admin_log OWNER TO jonathanbrito;

--
-- Name: django_admin_log_id_seq; Type: SEQUENCE; Schema: public; Owner: jonathanbrito
--

ALTER TABLE public.django_admin_log ALTER COLUMN id ADD GENERATED BY DEFAULT AS IDENTITY (
    SEQUENCE NAME public.django_admin_log_id_seq
    START WITH 1
    INCREMENT BY 1
    NO MINVALUE
    NO MAXVALUE
    CACHE 1
);


--
-- Name: django_content_type; Type: TABLE; Schema: public; Owner: jonathanbrito
--

CREATE TABLE public.django_content_type (
    id integer NOT NULL,
    app_label character varying(100) NOT NULL,
    model character varying(100) NOT NULL
);


ALTER TABLE public.django_content_type OWNER TO jonathanbrito;

--
-- Name: django_content_type_id_seq; Type: SEQUENCE; Schema: public; Owner: jonathanbrito
--

ALTER TABLE public.django_content_type ALTER COLUMN id ADD GENERATED BY DEFAULT AS IDENTITY (
    SEQUENCE NAME public.django_content_type_id_seq
    START WITH 1
    INCREMENT BY 1
    NO MINVALUE
    NO MAXVALUE
    CACHE 1
);


--
-- Name: django_migrations; Type: TABLE; Schema: public; Owner: jonathanbrito
--

CREATE TABLE public.django_migrations (
    id bigint NOT NULL,
    app character varying(255) NOT NULL,
    name character varying(255) NOT NULL,
    applied timestamp with time zone NOT NULL
);


ALTER TABLE public.django_migrations OWNER TO jonathanbrito;

--
-- Name: django_migrations_id_seq; Type: SEQUENCE; Schema: public; Owner: jonathanbrito
--

ALTER TABLE public.django_migrations ALTER COLUMN id ADD GENERATED BY DEFAULT AS IDENTITY (
    SEQUENCE NAME public.django_migrations_id_seq
    START WITH 1
    INCREMENT BY 1
    NO MINVALUE
    NO MAXVALUE
    CACHE 1
);


--
-- Name: django_session; Type: TABLE; Schema: public; Owner: jonathanbrito
--

CREATE TABLE public.django_session (
    session_key character varying(40) NOT NULL,
    session_data text NOT NULL,
    expire_date timestamp with time zone NOT NULL
);


ALTER TABLE public.django_session OWNER TO jonathanbrito;

--
-- Name: site_obpc_carrosel_index; Type: TABLE; Schema: public; Owner: jonathanbrito
--

CREATE TABLE public.site_obpc_carrosel_index (
    id bigint NOT NULL,
    nome_imagem character varying(50) NOT NULL,
    imagem character varying(100) NOT NULL,
    link_pagina character varying(50),
    posicao integer,
    publicado boolean NOT NULL
);


ALTER TABLE public.site_obpc_carrosel_index OWNER TO jonathanbrito;

--
-- Name: site_obpc_carrosel_index_id_seq; Type: SEQUENCE; Schema: public; Owner: jonathanbrito
--

ALTER TABLE public.site_obpc_carrosel_index ALTER COLUMN id ADD GENERATED BY DEFAULT AS IDENTITY (
    SEQUENCE NAME public.site_obpc_carrosel_index_id_seq
    START WITH 1
    INCREMENT BY 1
    NO MINVALUE
    NO MAXVALUE
    CACHE 1
);


--
-- Name: site_obpc_categoria_servicos; Type: TABLE; Schema: public; Owner: jonathanbrito
--

CREATE TABLE public.site_obpc_categoria_servicos (
    id bigint NOT NULL,
    categoria character varying(100) NOT NULL
);


ALTER TABLE public.site_obpc_categoria_servicos OWNER TO jonathanbrito;

--
-- Name: site_obpc_categoria_servicos_id_seq; Type: SEQUENCE; Schema: public; Owner: jonathanbrito
--

ALTER TABLE public.site_obpc_categoria_servicos ALTER COLUMN id ADD GENERATED BY DEFAULT AS IDENTITY (
    SEQUENCE NAME public.site_obpc_categoria_servicos_id_seq
    START WITH 1
    INCREMENT BY 1
    NO MINVALUE
    NO MAXVALUE
    CACHE 1
);


--
-- Name: site_obpc_congregacoes; Type: TABLE; Schema: public; Owner: jonathanbrito
--

CREATE TABLE public.site_obpc_congregacoes (
    id bigint NOT NULL,
    nome_congregacao character varying(100) NOT NULL,
    facebook character varying(100),
    instagram character varying(100),
    endereco character varying(300),
    link_maps character varying(700),
    cultos character varying(300),
    foto_banner character varying(100),
    foto_dirigentes character varying(100),
    dirigente character varying(100)
);


ALTER TABLE public.site_obpc_congregacoes OWNER TO jonathanbrito;

--
-- Name: site_obpc_congregacoes_id_seq; Type: SEQUENCE; Schema: public; Owner: jonathanbrito
--

ALTER TABLE public.site_obpc_congregacoes ALTER COLUMN id ADD GENERATED BY DEFAULT AS IDENTITY (
    SEQUENCE NAME public.site_obpc_congregacoes_id_seq
    START WITH 1
    INCREMENT BY 1
    NO MINVALUE
    NO MAXVALUE
    CACHE 1
);


--
-- Name: site_obpc_cursos; Type: TABLE; Schema: public; Owner: jonathanbrito
--

CREATE TABLE public.site_obpc_cursos (
    id bigint NOT NULL,
    nome_curso_extenso character varying(100) NOT NULL,
    nome_curso_abreviado character varying(100) NOT NULL,
    descricao character varying(5000),
    duracao character varying(100) NOT NULL,
    descricao_duracao character varying(2000),
    periodo character varying(100) NOT NULL,
    local character varying(100) NOT NULL,
    modalidade character varying(100) NOT NULL,
    investimento character varying(100) NOT NULL,
    descricao_investimento character varying(2000),
    informacoes_complementares character varying(5000),
    nome_coordenacao character varying(2000),
    foto_coordenacao character varying(100) NOT NULL,
    foto_banner character varying(100) NOT NULL,
    link_inscricao character varying(500)
);


ALTER TABLE public.site_obpc_cursos OWNER TO jonathanbrito;

--
-- Name: site_obpc_cursos_id_seq; Type: SEQUENCE; Schema: public; Owner: jonathanbrito
--

ALTER TABLE public.site_obpc_cursos ALTER COLUMN id ADD GENERATED BY DEFAULT AS IDENTITY (
    SEQUENCE NAME public.site_obpc_cursos_id_seq
    START WITH 1
    INCREMENT BY 1
    NO MINVALUE
    NO MAXVALUE
    CACHE 1
);


--
-- Name: site_obpc_devocional; Type: TABLE; Schema: public; Owner: jonathanbrito
--

CREATE TABLE public.site_obpc_devocional (
    id bigint NOT NULL,
    titulo_devocional character varying(100) NOT NULL,
    texto_devocional character varying(10000),
    autor character varying(100) NOT NULL,
    banner_home character varying(100) NOT NULL,
    banner_pagina_devocional character varying(100) NOT NULL,
    data_devocional date
);


ALTER TABLE public.site_obpc_devocional OWNER TO jonathanbrito;

--
-- Name: site_obpc_devocional_id_seq; Type: SEQUENCE; Schema: public; Owner: jonathanbrito
--

ALTER TABLE public.site_obpc_devocional ALTER COLUMN id ADD GENERATED BY DEFAULT AS IDENTITY (
    SEQUENCE NAME public.site_obpc_devocional_id_seq
    START WITH 1
    INCREMENT BY 1
    NO MINVALUE
    NO MAXVALUE
    CACHE 1
);


--
-- Name: site_obpc_eventos; Type: TABLE; Schema: public; Owner: jonathanbrito
--

CREATE TABLE public.site_obpc_eventos (
    id bigint NOT NULL,
    nome_evento character varying(100) NOT NULL,
    data_fim date,
    hora_evento time without time zone,
    descricao_evento character varying(2000),
    banner_evento character varying(100) NOT NULL,
    foto_card_evento character varying(100) NOT NULL,
    "Endereco_evento" character varying(200),
    ministerio_id bigint,
    data_inicio date
);


ALTER TABLE public.site_obpc_eventos OWNER TO jonathanbrito;

--
-- Name: site_obpc_eventos_id_seq; Type: SEQUENCE; Schema: public; Owner: jonathanbrito
--

ALTER TABLE public.site_obpc_eventos ALTER COLUMN id ADD GENERATED BY DEFAULT AS IDENTITY (
    SEQUENCE NAME public.site_obpc_eventos_id_seq
    START WITH 1
    INCREMENT BY 1
    NO MINVALUE
    NO MAXVALUE
    CACHE 1
);


--
-- Name: site_obpc_instagramapi; Type: TABLE; Schema: public; Owner: jonathanbrito
--

CREATE TABLE public.site_obpc_instagramapi (
    id bigint NOT NULL,
    id_instagram character varying(50),
    media_type character varying(500),
    caption character varying(5000),
    media_url character varying(1000),
    "timestamp" character varying(100),
    children character varying(1000),
    thumbnail_url character varying(1000),
    permalink character varying(500),
    created_time timestamp with time zone NOT NULL
);


ALTER TABLE public.site_obpc_instagramapi OWNER TO jonathanbrito;

--
-- Name: site_obpc_instagramapi_id_seq; Type: SEQUENCE; Schema: public; Owner: jonathanbrito
--

ALTER TABLE public.site_obpc_instagramapi ALTER COLUMN id ADD GENERATED BY DEFAULT AS IDENTITY (
    SEQUENCE NAME public.site_obpc_instagramapi_id_seq
    START WITH 1
    INCREMENT BY 1
    NO MINVALUE
    NO MAXVALUE
    CACHE 1
);


--
-- Name: site_obpc_instagramtoken; Type: TABLE; Schema: public; Owner: jonathanbrito
--

CREATE TABLE public.site_obpc_instagramtoken (
    id bigint NOT NULL,
    token character varying(1000) NOT NULL
);


ALTER TABLE public.site_obpc_instagramtoken OWNER TO jonathanbrito;

--
-- Name: site_obpc_instagramtoken_id_seq; Type: SEQUENCE; Schema: public; Owner: jonathanbrito
--

ALTER TABLE public.site_obpc_instagramtoken ALTER COLUMN id ADD GENERATED BY DEFAULT AS IDENTITY (
    SEQUENCE NAME public.site_obpc_instagramtoken_id_seq
    START WITH 1
    INCREMENT BY 1
    NO MINVALUE
    NO MAXVALUE
    CACHE 1
);


--
-- Name: site_obpc_lideres_ministerios; Type: TABLE; Schema: public; Owner: jonathanbrito
--

CREATE TABLE public.site_obpc_lideres_ministerios (
    id bigint NOT NULL,
    nome_lider character varying(100) NOT NULL,
    cargo character varying(100) NOT NULL,
    foto_lider character varying(100) NOT NULL,
    ministerio_id bigint NOT NULL,
    posicao integer
);


ALTER TABLE public.site_obpc_lideres_ministerios OWNER TO jonathanbrito;

--
-- Name: site_obpc_lideres_ministerios_id_seq; Type: SEQUENCE; Schema: public; Owner: jonathanbrito
--

ALTER TABLE public.site_obpc_lideres_ministerios ALTER COLUMN id ADD GENERATED BY DEFAULT AS IDENTITY (
    SEQUENCE NAME public.site_obpc_lideres_ministerios_id_seq
    START WITH 1
    INCREMENT BY 1
    NO MINVALUE
    NO MAXVALUE
    CACHE 1
);


--
-- Name: site_obpc_ministerios; Type: TABLE; Schema: public; Owner: jonathanbrito
--

CREATE TABLE public.site_obpc_ministerios (
    id bigint NOT NULL,
    nome_ministerio character varying(50) NOT NULL,
    descricao_ministerio character varying(2000) NOT NULL,
    foto_ministerio character varying(100) NOT NULL,
    logo_ministerio character varying(100),
    card_ministerio character varying(100) NOT NULL,
    publicado boolean NOT NULL,
    email_contato character varying(254),
    telefone_contato character varying(50),
    facebook character varying(100),
    instagram character varying(100)
);


ALTER TABLE public.site_obpc_ministerios OWNER TO jonathanbrito;

--
-- Name: site_obpc_ministerios_id_seq; Type: SEQUENCE; Schema: public; Owner: jonathanbrito
--

ALTER TABLE public.site_obpc_ministerios ALTER COLUMN id ADD GENERATED BY DEFAULT AS IDENTITY (
    SEQUENCE NAME public.site_obpc_ministerios_id_seq
    START WITH 1
    INCREMENT BY 1
    NO MINVALUE
    NO MAXVALUE
    CACHE 1
);


--
-- Name: site_obpc_pastores; Type: TABLE; Schema: public; Owner: jonathanbrito
--

CREATE TABLE public.site_obpc_pastores (
    id bigint NOT NULL,
    nome_pastor character varying(100) NOT NULL,
    cargo character varying(100) NOT NULL,
    biografia character varying(2000),
    foto character varying(100) NOT NULL,
    publicado boolean NOT NULL,
    posicao integer
);


ALTER TABLE public.site_obpc_pastores OWNER TO jonathanbrito;

--
-- Name: site_obpc_pastores_id_seq; Type: SEQUENCE; Schema: public; Owner: jonathanbrito
--

ALTER TABLE public.site_obpc_pastores ALTER COLUMN id ADD GENERATED BY DEFAULT AS IDENTITY (
    SEQUENCE NAME public.site_obpc_pastores_id_seq
    START WITH 1
    INCREMENT BY 1
    NO MINVALUE
    NO MAXVALUE
    CACHE 1
);


--
-- Name: site_obpc_quemsomos; Type: TABLE; Schema: public; Owner: jonathanbrito
--

CREATE TABLE public.site_obpc_quemsomos (
    id bigint NOT NULL,
    texto character varying(7000) NOT NULL,
    data_publicacao date,
    nome_qsomos character varying(100) NOT NULL
);


ALTER TABLE public.site_obpc_quemsomos OWNER TO jonathanbrito;

--
-- Name: site_obpc_quemsomos_id_seq; Type: SEQUENCE; Schema: public; Owner: jonathanbrito
--

ALTER TABLE public.site_obpc_quemsomos ALTER COLUMN id ADD GENERATED BY DEFAULT AS IDENTITY (
    SEQUENCE NAME public.site_obpc_quemsomos_id_seq
    START WITH 1
    INCREMENT BY 1
    NO MINVALUE
    NO MAXVALUE
    CACHE 1
);


--
-- Name: site_obpc_servicos; Type: TABLE; Schema: public; Owner: jonathanbrito
--

CREATE TABLE public.site_obpc_servicos (
    id bigint NOT NULL,
    nome_empresa character varying(100) NOT NULL,
    foto character varying(100) NOT NULL,
    facebook_empresa character varying(100),
    instagram_empresa character varying(100),
    whatsapp_empresa character varying(100),
    site_empresa character varying(100),
    publicado boolean NOT NULL,
    categoria_id bigint NOT NULL
);


ALTER TABLE public.site_obpc_servicos OWNER TO jonathanbrito;

--
-- Name: site_obpc_servicos_id_seq; Type: SEQUENCE; Schema: public; Owner: jonathanbrito
--

ALTER TABLE public.site_obpc_servicos ALTER COLUMN id ADD GENERATED BY DEFAULT AS IDENTITY (
    SEQUENCE NAME public.site_obpc_servicos_id_seq
    START WITH 1
    INCREMENT BY 1
    NO MINVALUE
    NO MAXVALUE
    CACHE 1
);


--
-- Name: site_obpc_youtubeapi; Type: TABLE; Schema: public; Owner: jonathanbrito
--

CREATE TABLE public.site_obpc_youtubeapi (
    id bigint NOT NULL,
    "videoId" character varying(500),
    "publishedAt" character varying(100),
    title character varying(100),
    thumbnails character varying(100),
    "liveBroadcastContent" character varying(100),
    created_time timestamp with time zone NOT NULL
);


ALTER TABLE public.site_obpc_youtubeapi OWNER TO jonathanbrito;

--
-- Name: site_obpc_youtubeapi_id_seq; Type: SEQUENCE; Schema: public; Owner: jonathanbrito
--

ALTER TABLE public.site_obpc_youtubeapi ALTER COLUMN id ADD GENERATED BY DEFAULT AS IDENTITY (
    SEQUENCE NAME public.site_obpc_youtubeapi_id_seq
    START WITH 1
    INCREMENT BY 1
    NO MINVALUE
    NO MAXVALUE
    CACHE 1
);


--
-- Data for Name: auth_group; Type: TABLE DATA; Schema: public; Owner: jonathanbrito
--

COPY public.auth_group (id, name) FROM stdin;
\.


--
-- Data for Name: auth_group_permissions; Type: TABLE DATA; Schema: public; Owner: jonathanbrito
--

COPY public.auth_group_permissions (id, group_id, permission_id) FROM stdin;
\.


--
-- Data for Name: auth_permission; Type: TABLE DATA; Schema: public; Owner: jonathanbrito
--

COPY public.auth_permission (id, name, content_type_id, codename) FROM stdin;
1	Can add log entry	1	add_logentry
2	Can change log entry	1	change_logentry
3	Can delete log entry	1	delete_logentry
4	Can view log entry	1	view_logentry
5	Can add permission	2	add_permission
6	Can change permission	2	change_permission
7	Can delete permission	2	delete_permission
8	Can view permission	2	view_permission
9	Can add group	3	add_group
10	Can change group	3	change_group
11	Can delete group	3	delete_group
12	Can view group	3	view_group
13	Can add user	4	add_user
14	Can change user	4	change_user
15	Can delete user	4	delete_user
16	Can view user	4	view_user
17	Can add content type	5	add_contenttype
18	Can change content type	5	change_contenttype
19	Can delete content type	5	delete_contenttype
20	Can view content type	5	view_contenttype
21	Can add session	6	add_session
22	Can change session	6	change_session
23	Can delete session	6	delete_session
24	Can view session	6	view_session
25	Can add pastores	7	add_pastores
26	Can change pastores	7	change_pastores
27	Can delete pastores	7	delete_pastores
28	Can view pastores	7	view_pastores
29	Can add ministerios	8	add_ministerios
30	Can change ministerios	8	change_ministerios
31	Can delete ministerios	8	delete_ministerios
32	Can view ministerios	8	view_ministerios
33	Can add carrosel_index	9	add_carrosel_index
34	Can change carrosel_index	9	change_carrosel_index
35	Can delete carrosel_index	9	delete_carrosel_index
36	Can view carrosel_index	9	view_carrosel_index
37	Can add eventos	10	add_eventos
38	Can change eventos	10	change_eventos
39	Can delete eventos	10	delete_eventos
40	Can view eventos	10	view_eventos
41	Can add lideres_ ministerios	11	add_lideres_ministerios
42	Can change lideres_ ministerios	11	change_lideres_ministerios
43	Can delete lideres_ ministerios	11	delete_lideres_ministerios
44	Can view lideres_ ministerios	11	view_lideres_ministerios
45	Can add congregacoes	12	add_congregacoes
46	Can change congregacoes	12	change_congregacoes
47	Can delete congregacoes	12	delete_congregacoes
48	Can view congregacoes	12	view_congregacoes
49	Can add cursos	13	add_cursos
50	Can change cursos	13	change_cursos
51	Can delete cursos	13	delete_cursos
52	Can view cursos	13	view_cursos
53	Can add devocional	14	add_devocional
54	Can change devocional	14	change_devocional
55	Can delete devocional	14	delete_devocional
56	Can view devocional	14	view_devocional
57	Can add categoria_servicos	15	add_categoria_servicos
58	Can change categoria_servicos	15	change_categoria_servicos
59	Can delete categoria_servicos	15	delete_categoria_servicos
60	Can view categoria_servicos	15	view_categoria_servicos
61	Can add servicos	16	add_servicos
62	Can change servicos	16	change_servicos
63	Can delete servicos	16	delete_servicos
64	Can view servicos	16	view_servicos
65	Can add quem somos	17	add_quemsomos
66	Can change quem somos	17	change_quemsomos
67	Can delete quem somos	17	delete_quemsomos
68	Can view quem somos	17	view_quemsomos
69	Can add instagram token	18	add_instagramtoken
70	Can change instagram token	18	change_instagramtoken
71	Can delete instagram token	18	delete_instagramtoken
72	Can view instagram token	18	view_instagramtoken
73	Can add instagramapi	19	add_instagramapi
74	Can change instagramapi	19	change_instagramapi
75	Can delete instagramapi	19	delete_instagramapi
76	Can view instagramapi	19	view_instagramapi
77	Can add youtube api	20	add_youtubeapi
78	Can change youtube api	20	change_youtubeapi
79	Can delete youtube api	20	delete_youtubeapi
80	Can view youtube api	20	view_youtubeapi
\.


--
-- Data for Name: auth_user; Type: TABLE DATA; Schema: public; Owner: jonathanbrito
--

COPY public.auth_user (id, password, last_login, is_superuser, username, first_name, last_name, email, is_staff, is_active, date_joined) FROM stdin;
2	pbkdf2_sha256$870000$r2FqLF5A05bmI8xLmNZXRM$kjpjPIBsizL4sHCw3qjor417UP4XWzeHjkXA9ApOJfA=	2025-01-15 21:10:09+00	f	camisllima	Camila	Brito	camisllima@gmail.com	t	t	2025-01-13 17:41:09+00
1	pbkdf2_sha256$870000$F4CaDCYHBLdrvqhzjPwe4g$lHBNz6zQG/2uakp0/2aImPsCvG9SGYr6pjYXBWwNZqE=	2025-06-16 01:03:28.641607+00	t	jonathan.brito48	Jonathan	Brito	jonathan.brito48@gmail.com	t	t	2025-01-06 17:30:47+00
\.


--
-- Data for Name: auth_user_groups; Type: TABLE DATA; Schema: public; Owner: jonathanbrito
--

COPY public.auth_user_groups (id, user_id, group_id) FROM stdin;
\.


--
-- Data for Name: auth_user_user_permissions; Type: TABLE DATA; Schema: public; Owner: jonathanbrito
--

COPY public.auth_user_user_permissions (id, user_id, permission_id) FROM stdin;
1	2	1
2	2	2
3	2	3
4	2	4
5	2	5
6	2	6
7	2	7
8	2	8
9	2	9
10	2	10
11	2	11
12	2	12
13	2	13
14	2	14
15	2	15
16	2	16
17	2	17
18	2	18
19	2	19
20	2	20
21	2	21
22	2	22
23	2	23
24	2	24
25	2	25
26	2	26
27	2	27
28	2	28
29	2	29
30	2	30
31	2	31
32	2	32
33	2	33
34	2	34
35	2	35
36	2	36
37	2	37
38	2	38
39	2	39
40	2	40
41	2	41
42	2	42
43	2	43
44	2	44
45	2	45
46	2	46
47	2	47
48	2	48
49	2	49
50	2	50
51	2	51
52	2	52
53	2	53
54	2	54
55	2	55
56	2	56
57	2	57
58	2	58
59	2	59
60	2	60
61	2	61
62	2	62
63	2	63
64	2	64
65	2	65
66	2	66
67	2	67
68	2	68
69	2	69
70	2	70
71	2	71
72	2	72
73	2	73
74	2	74
75	2	75
76	2	76
77	2	77
78	2	78
79	2	79
80	2	80
\.


--
-- Data for Name: django_admin_log; Type: TABLE DATA; Schema: public; Owner: jonathanbrito
--

COPY public.django_admin_log (id, action_time, object_id, object_repr, action_flag, change_message, content_type_id, user_id) FROM stdin;
1	2025-01-06 17:33:36.009801+00	1	Melquisedeque Rezende	1	[{"added": {}}]	7	1
2	2025-01-07 12:52:28.362291+00	1	Culto de Ensino	1	[{"added": {}}]	9	1
3	2025-01-07 13:00:49.006142+00	1	Culto de Ensino	2	[{"changed": {"fields": ["Imagem"]}}]	9	1
4	2025-01-07 13:22:57.845761+00	1	Culto de Ensino	2	[{"changed": {"fields": ["Imagem"]}}]	9	1
5	2025-01-07 13:36:00.042657+00	1	Culto de Ensino	2	[{"changed": {"fields": ["Imagem"]}}]	9	1
6	2025-01-07 14:39:33.037765+00	1	História OBPC Itaim Paulista	1	[{"added": {}}]	17	1
7	2025-01-07 14:42:12.265475+00	1	Dignidade Avaliada	1	[{"added": {}}]	14	1
8	2025-01-07 14:44:12.003722+00	1	Umasbrac	1	[{"added": {}}]	8	1
9	2025-01-07 14:48:19.264376+00	2	Jubrac	1	[{"added": {}}]	8	1
10	2025-01-07 14:51:01.756483+00	3	Adobrac	1	[{"added": {}}]	8	1
11	2025-01-07 14:54:26.461771+00	4	Ufebrac	1	[{"added": {}}]	8	1
12	2025-01-07 15:01:35.533919+00	5	MeidBrac	1	[{"added": {}}]	8	1
13	2025-01-07 15:02:40.341296+00	6	Menibrac	1	[{"added": {}}]	8	1
14	2025-01-07 15:04:21.022146+00	7	RaqadBrac	1	[{"added": {}}]	8	1
15	2025-01-07 15:42:12.850877+00	1	Casais	1	[{"added": {}}]	13	1
16	2025-01-07 15:46:19.76013+00	2	Teologia	1	[{"added": {}}]	13	1
17	2025-01-08 03:05:33.943723+00	2	Culto de Ensino	1	[{"added": {}}]	9	1
18	2025-01-11 03:27:14.815407+00	3	Igreja	1	[{"added": {}}]	9	1
19	2025-01-12 03:34:40.012031+00	4	Teologia	1	[{"added": {}}]	9	1
20	2025-01-12 03:35:20.963951+00	4	Teologia	2	[{"changed": {"fields": ["Publicado"]}}]	9	1
21	2025-01-12 03:59:42.300598+00	3	Igreja	3		9	1
22	2025-01-12 04:02:02.259072+00	5	raqad	1	[{"added": {}}]	9	1
23	2025-01-12 18:01:13.371746+00	1	OBPC Camargo Velho	1	[{"added": {}}]	12	1
24	2025-01-12 20:01:52.597067+00	1	OBPC Camargo Velho	2	[{"changed": {"fields": ["Endereco", "Cultos"]}}]	12	1
25	2025-01-12 20:07:16.563789+00	2	OBPC Kemel II	1	[{"added": {}}]	12	1
26	2025-01-13 17:41:10.052958+00	2	camisllima	1	[{"added": {}}]	4	1
27	2025-01-13 17:42:02.771181+00	2	camisllima	2	[{"changed": {"fields": ["Staff status"]}}]	4	1
28	2025-01-14 17:13:30.104794+00	2	camisllima	2	[{"changed": {"fields": ["User permissions"]}}]	4	1
29	2025-01-14 17:56:37.243559+00	5	2025	2	[{"changed": {"fields": ["Nome imagem"]}}]	9	2
30	2025-01-14 17:58:52.690969+00	5	2025	2	[{"changed": {"fields": ["Imagem"]}}]	9	2
31	2025-01-14 17:59:21.804942+00	2	Culto de Ensino	2	[{"changed": {"fields": ["Posicao"]}}]	9	2
32	2025-01-14 17:59:21.952806+00	2	Culto de Ensino	2	[]	9	2
33	2025-01-14 17:59:32.384202+00	5	2025	2	[{"changed": {"fields": ["Posicao"]}}]	9	2
34	2025-01-14 18:02:07.755112+00	4	Teologia	2	[{"changed": {"fields": ["Publicado"]}}]	9	2
35	2025-01-14 18:57:47.347061+00	2	OBPC Kemel II	2	[{"changed": {"fields": ["Endereco"]}}]	12	2
36	2025-01-14 19:00:33.485588+00	2	OBPC Kemel II	2	[{"changed": {"fields": ["Facebook"]}}]	12	2
37	2025-01-14 19:03:35.920233+00	2	Teologia	2	[{"changed": {"fields": ["Modalidade"]}}]	13	2
38	2025-01-14 21:53:02.5636+00	2	Teste	1	[{"added": {}}]	14	1
39	2025-01-14 21:53:44.573782+00	2	Teste	3		14	1
40	2025-01-14 22:04:41.529413+00	3	Clamando a Deus por Cura	1	[{"added": {}}]	14	2
41	2025-01-14 22:05:50.68613+00	1	Dignidade Avaliada	3		14	2
42	2025-01-14 22:08:06.88307+00	3	Clamando a Deus Pela Cura do Corpo e da Mente	2	[{"changed": {"fields": ["Titulo devocional"]}}]	14	2
43	2025-01-15 21:20:09.923024+00	6	Culto Quinta-feira	1	[{"added": {}}]	9	2
44	2025-01-15 21:20:18.120636+00	2	Culto de Ensino	2	[{"changed": {"fields": ["Posicao"]}}]	9	2
45	2025-01-15 21:20:31.21937+00	6	Culto Quinta-feira	2	[{"changed": {"fields": ["Posicao"]}}]	9	2
46	2025-01-15 21:20:39.249013+00	4	Teologia	2	[{"changed": {"fields": ["Posicao"]}}]	9	2
47	2025-01-15 21:20:44.923672+00	6	Culto Quinta-feira	2	[{"changed": {"fields": ["Posicao"]}}]	9	2
48	2025-01-16 17:23:43.332363+00	2	Ubiratan Rios	1	[{"added": {}}]	7	2
49	2025-01-16 17:39:49.808919+00	1	12 dias de Clamor para 12 meses de Bênçãos	1	[{"added": {}}]	10	2
50	2025-01-16 17:47:12.332008+00	3	Clamando a Deus Pela Cura do Corpo e da Mente	2	[{"changed": {"fields": ["Banner home"]}}]	14	2
51	2025-01-16 17:49:22.982067+00	3	Clamando a Deus Pela Cura do Corpo e da Mente	2	[{"changed": {"fields": ["Banner home"]}}]	14	2
52	2025-01-30 22:57:55.512012+00	4	Teologia	2	[{"changed": {"fields": ["Publicado"]}}]	9	1
53	2025-01-30 22:58:37.296932+00	4	Teologia	2	[{"changed": {"fields": ["Publicado"]}}]	9	1
54	2025-02-14 21:30:46.954967+00	2	Teologia	2	[{"changed": {"fields": ["Local"]}}]	13	1
55	2025-06-14 02:58:21.027976+00	1	jonathan.brito48	2	[{"changed": {"fields": ["First name", "Last name"]}}]	4	1
56	2025-06-14 02:59:04.972165+00	2	camisllima	2	[{"changed": {"fields": ["First name", "Last name", "Email address"]}}]	4	1
\.


--
-- Data for Name: django_content_type; Type: TABLE DATA; Schema: public; Owner: jonathanbrito
--

COPY public.django_content_type (id, app_label, model) FROM stdin;
1	admin	logentry
2	auth	permission
3	auth	group
4	auth	user
5	contenttypes	contenttype
6	sessions	session
7	site_obpc	pastores
8	site_obpc	ministerios
9	site_obpc	carrosel_index
10	site_obpc	eventos
11	site_obpc	lideres_ministerios
12	site_obpc	congregacoes
13	site_obpc	cursos
14	site_obpc	devocional
15	site_obpc	categoria_servicos
16	site_obpc	servicos
17	site_obpc	quemsomos
18	site_obpc	instagramtoken
19	site_obpc	instagramapi
20	site_obpc	youtubeapi
\.


--
-- Data for Name: django_migrations; Type: TABLE DATA; Schema: public; Owner: jonathanbrito
--

COPY public.django_migrations (id, app, name, applied) FROM stdin;
1	contenttypes	0001_initial	2025-01-06 17:26:03.251948+00
2	auth	0001_initial	2025-01-06 17:26:07.925224+00
3	admin	0001_initial	2025-01-06 17:26:09.179263+00
4	admin	0002_logentry_remove_auto_add	2025-01-06 17:26:09.387819+00
5	admin	0003_logentry_add_action_flag_choices	2025-01-06 17:26:09.866796+00
6	contenttypes	0002_remove_content_type_name	2025-01-06 17:26:10.815484+00
7	auth	0002_alter_permission_name_max_length	2025-01-06 17:26:11.449239+00
8	auth	0003_alter_user_email_max_length	2025-01-06 17:26:12.065586+00
9	auth	0004_alter_user_username_opts	2025-01-06 17:26:12.396088+00
10	auth	0005_alter_user_last_login_null	2025-01-06 17:26:13.183049+00
11	auth	0006_require_contenttypes_0002	2025-01-06 17:26:13.487064+00
12	auth	0007_alter_validators_add_error_messages	2025-01-06 17:26:13.949672+00
13	auth	0008_alter_user_username_max_length	2025-01-06 17:26:14.720674+00
14	auth	0009_alter_user_last_name_max_length	2025-01-06 17:26:15.343102+00
15	auth	0010_alter_group_name_max_length	2025-01-06 17:26:15.989881+00
16	auth	0011_update_proxy_permissions	2025-01-06 17:26:16.332382+00
17	auth	0012_alter_user_first_name_max_length	2025-01-06 17:26:17.125788+00
18	sessions	0001_initial	2025-01-06 17:26:18.20186+00
19	site_obpc	0001_initial	2025-01-06 17:26:18.668593+00
20	site_obpc	0002_pastores_posicao	2025-01-06 17:26:19.287848+00
21	site_obpc	0003_ministerios_alter_pastores_biografia_and_more	2025-01-06 17:26:20.06343+00
22	site_obpc	0004_carrosel_index	2025-01-06 17:26:20.674589+00
23	site_obpc	0005_carrosel_index_posicao_carrosel_index_publicado	2025-01-06 17:26:21.601775+00
24	site_obpc	0006_eventos	2025-01-06 17:26:22.223006+00
25	site_obpc	0007_alter_eventos_data_evento_alter_eventos_hora_evento	2025-01-06 17:26:22.840889+00
26	site_obpc	0008_alter_eventos_data_evento	2025-01-06 17:26:23.449182+00
27	site_obpc	0009_alter_eventos_descricao_evento	2025-01-06 17:26:24.060751+00
28	site_obpc	0010_alter_eventos_descricao_evento	2025-01-06 17:26:24.373866+00
29	site_obpc	0011_ministerios_card_ministerio	2025-01-06 17:26:25.279908+00
30	site_obpc	0012_alter_ministerios_card_ministerio	2025-01-06 17:26:25.587669+00
31	site_obpc	0013_ministerios_publicado	2025-01-06 17:26:26.495408+00
32	site_obpc	0014_lideres_ministerios	2025-01-06 17:26:27.122737+00
33	site_obpc	0015_lideres_ministerios_ministerio	2025-01-06 17:26:28.036478+00
34	site_obpc	0016_lideres_ministerios_posicao	2025-01-06 17:26:28.497077+00
35	site_obpc	0017_eventos_endereco_evento	2025-01-06 17:26:29.10596+00
36	site_obpc	0018_ministerios_email_contato_and_more	2025-01-06 17:26:29.882796+00
37	site_obpc	0019_eventos_ministerio	2025-01-06 17:26:30.809147+00
38	site_obpc	0020_ministerios_facebook_ministerios_instagram	2025-01-06 17:26:31.435062+00
39	site_obpc	0021_congregacoes	2025-01-06 17:26:32.047268+00
40	site_obpc	0022_alter_congregacoes_foto_banner_and_more	2025-01-06 17:26:32.358452+00
41	site_obpc	0023_cursos	2025-01-06 17:26:33.125532+00
42	site_obpc	0024_devocional_alter_pastores_foto	2025-01-06 17:26:33.791371+00
43	site_obpc	0025_categoria_servicos_alter_carrosel_index_imagem_and_more	2025-01-06 17:26:35.05485+00
44	site_obpc	0026_alter_servicos_facebook_empresa_and_more	2025-01-06 17:26:35.972008+00
45	site_obpc	0027_quemsomos_alter_eventos_foto_card_evento_and_more	2025-01-06 17:26:36.621063+00
46	site_obpc	0028_alter_quemsomos_texto	2025-01-06 17:26:37.236788+00
47	site_obpc	0029_quemsomos_nome_qsomos	2025-01-06 17:26:38.016555+00
48	site_obpc	0030_rename_data_evento_eventos_data_fim_and_more	2025-01-06 17:26:38.814498+00
49	site_obpc	0031_alter_eventos_data_fim_alter_eventos_data_inicio	2025-01-06 17:26:39.133246+00
50	site_obpc	0032_remove_congregacoes_descricao_congregacao_and_more	2025-01-06 17:26:40.045292+00
51	site_obpc	0033_rename_diritente_congregacoes_dirigente	2025-01-06 17:26:40.656774+00
52	site_obpc	0034_alter_congregacoes_foto_banner_and_more	2025-01-06 17:26:41.421312+00
53	site_obpc	0035_instagramtoken	2025-01-06 17:26:42.043253+00
54	site_obpc	0036_instagramapi	2025-01-06 17:26:42.661732+00
55	site_obpc	0037_instagramapi_permalink	2025-01-06 17:26:43.27755+00
56	site_obpc	0038_instagramapi_created_time	2025-01-06 17:26:44.034089+00
57	site_obpc	0039_alter_instagramapi_created_time	2025-01-06 17:26:44.342492+00
58	site_obpc	0040_youtubeapi_alter_ministerios_logo_ministerio	2025-01-06 17:26:45.267613+00
59	site_obpc	0041_alter_eventos_hora_evento	2025-01-06 17:26:45.585291+00
60	site_obpc	0042_alter_carrosel_index_link_pagina_and_more	2025-01-06 17:26:55.658848+00
61	site_obpc	0043_alter_cursos_descricao_and_more	2025-01-06 17:26:56.034271+00
62	site_obpc	0044_alter_cursos_descricao_and_more	2025-01-06 17:26:56.501495+00
63	site_obpc	0045_alter_cursos_descricao	2025-01-06 17:26:56.96107+00
64	site_obpc	0046_alter_carrosel_index_link_pagina_and_more	2025-01-06 17:27:07.525808+00
65	site_obpc	0047_alter_pastores_biografia	2025-01-07 14:35:02.788284+00
66	site_obpc	0048_alter_youtubeapi_videoid	2025-06-09 18:10:25.01072+00
\.


--
-- Data for Name: django_session; Type: TABLE DATA; Schema: public; Owner: jonathanbrito
--

COPY public.django_session (session_key, session_data, expire_date) FROM stdin;
uxo3zuljdt5vhk4f1p18vc2u78k9yiqb	.eJxVjMsOwiAQRf-FtSEMDAVcuvcbyMBMbdXQpI-V8d-1SRe6veec-1KZtnXI2yJzHlmdFajT71aoPqTtgO_UbpOuU1vnsehd0Qdd9HVieV4O9-9goGX41sjBFegEbAFvLRlr0HfGcudAXAgRxQeJaIoFXzlhT1Ew9gmSYUxOvT-rpTZ9:1tUqxh:nZ7OfxqGJdwKc-Gmzgb2dS91BIKO2fUU-UhiNs_8wto	2025-01-20 17:32:21.410063+00
t9t16mraebu0rfmr5487152z9hmwwx5t	.eJxVjMsOwiAQRf-FtSEMDAVcuvcbyMBMbdXQpI-V8d-1SRe6veec-1KZtnXI2yJzHlmdFajT71aoPqTtgO_UbpOuU1vnsehd0Qdd9HVieV4O9-9goGX41sjBFegEbAFvLRlr0HfGcudAXAgRxQeJaIoFXzlhT1Ew9gmSYUxOvT-rpTZ9:1tUqxj:SAMJmA8y5YB_DDk5eNHoR67psqMp22_IDhmrqF6Fm8Y	2025-01-20 17:32:23.448117+00
cmwhqo9ginx755q41r9fedk8x9hbr75i	.eJxVjMsOwiAQRf-FtSEMDAVcuvcbyMBMbdXQpI-V8d-1SRe6veec-1KZtnXI2yJzHlmdFajT71aoPqTtgO_UbpOuU1vnsehd0Qdd9HVieV4O9-9goGX41sjBFegEbAFvLRlr0HfGcudAXAgRxQeJaIoFXzlhT1Ew9gmSYUxOvT-rpTZ9:1tVAd9:B0FeAIgKC07_WJYPGNk9a6RvRxtZe40JQ5cXpM-MMes	2025-01-21 14:32:27.947986+00
7gtfhf3x8t1tgxe0vrjfvl6qp7ihop4x	.eJxVjMsOwiAQRf-FtSEMDAVcuvcbyMBMbdXQpI-V8d-1SRe6veec-1KZtnXI2yJzHlmdFajT71aoPqTtgO_UbpOuU1vnsehd0Qdd9HVieV4O9-9goGX41sjBFegEbAFvLRlr0HfGcudAXAgRxQeJaIoFXzlhT1Ew9gmSYUxOvT-rpTZ9:1tVMN5:hjtL004NGkI1NffD-tqlWgd8i816Zfc4RBX_-ssS9MM	2025-01-22 03:04:39.461315+00
fmdi48hhbrscnq4k57aqe03qj3c6ri7d	.eJxVjMsOwiAQRf-FtSEMDAVcuvcbyMBMbdXQpI-V8d-1SRe6veec-1KZtnXI2yJzHlmdFajT71aoPqTtgO_UbpOuU1vnsehd0Qdd9HVieV4O9-9goGX41sjBFegEbAFvLRlr0HfGcudAXAgRxQeJaIoFXzlhT1Ew9gmSYUxOvT-rpTZ9:1tX2Fq:0FaJOY0W8moJ2OXv5wXGEX6ubJ5YE7J2mb38IABRH-4	2025-01-26 18:00:06.34814+00
2ay4jab42re1w6sjonjw12bgbod2xp8d	.eJxVjEEOwiAQRe_C2pCBQgGX7j0DGZhBqoYmpV0Z765NutDtf-_9l4i4rTVunZc4kTgLLU6_W8L84LYDumO7zTLPbV2mJHdFHrTL60z8vBzu30HFXr81EAIo9JazMhwGGi2HDAWNI0cZMCkEO1pjS0hOM7vgyRQcstEqeRDvD_DIOCQ:1tXkQt:VwDgJhoYThkF_7_WsRLzlPc8ydB58Jf9jCJBfzKrPto	2025-01-28 17:10:27.116355+00
n219p30rredose9fsq979wol6pfb9veu	.eJxVjEEOwiAQRe_C2pCBQgGX7j0DGZhBqoYmpV0Z765NutDtf-_9l4i4rTVunZc4kTgLLU6_W8L84LYDumO7zTLPbV2mJHdFHrTL60z8vBzu30HFXr81EAIo9JazMhwGGi2HDAWNI0cZMCkEO1pjS0hOM7vgyRQcstEqeRDvD_DIOCQ:1tYAeP:E76Wf9RUHTHiZaUoNwa4b3X1IBmVaQgW61y0uUMY0hw	2025-01-29 21:10:09.056116+00
ytq1urqp8pxce3w9qk3o9w5l8a0g4dg5	.eJxVjEEOwiAQRe_C2pCBQgGX7j0DGZhBqoYmpV0Z765NutDtf-_9l4i4rTVunZc4kTgLLU6_W8L84LYDumO7zTLPbV2mJHdFHrTL60z8vBzu30HFXr81EAIo9JazMhwGGi2HDAWNI0cZMCkEO1pjS0hOM7vgyRQcstEqeRDvD_DIOCQ:1tYAeP:E76Wf9RUHTHiZaUoNwa4b3X1IBmVaQgW61y0uUMY0hw	2025-01-29 21:10:09.999397+00
1lltot8crvkybqpcrq07pu8fieq84npm	.eJxVjMsOwiAQRf-FtSEMDAVcuvcbyMBMbdXQpI-V8d-1SRe6veec-1KZtnXI2yJzHlmdFajT71aoPqTtgO_UbpOuU1vnsehd0Qdd9HVieV4O9-9goGX41sjBFegEbAFvLRlr0HfGcudAXAgRxQeJaIoFXzlhT1Ew9gmSYUxOvT-rpTZ9:1tahrD:VlmPmGkSwhYoyXN4OiyASOqBgZFzYeNplc0xAqR22Ig	2025-02-05 21:01:51.595935+00
sip5m3b2f5qo4k67li1vlj9rw30sbzfl	.eJxVjMsOwiAQRf-FtSEMDAVcuvcbyMBMbdXQpI-V8d-1SRe6veec-1KZtnXI2yJzHlmdFajT71aoPqTtgO_UbpOuU1vnsehd0Qdd9HVieV4O9-9goGX41sjBFegEbAFvLRlr0HfGcudAXAgRxQeJaIoFXzlhT1Ew9gmSYUxOvT-rpTZ9:1tiiwO:wUje_fN-nA3zURjkYQwToSWeGpuDE8AAkoLlV1LeIyM	2025-02-27 23:48:20.1137+00
j76cvelg88xnlgc5xb6wovt32uo55f1m	.eJxVjMsOwiAQRf-FtSEMDAVcuvcbyMBMbdXQpI-V8d-1SRe6veec-1KZtnXI2yJzHlmdFajT71aoPqTtgO_UbpOuU1vnsehd0Qdd9HVieV4O9-9goGX41sjBFegEbAFvLRlr0HfGcudAXAgRxQeJaIoFXzlhT1Ew9gmSYUxOvT-rpTZ9:1tsR1H:u2-p9a-KSGs7M3BgWEsAr_HoT6IhDqJfDhAOT9LzVm4	2025-03-26 18:41:31.662821+00
dvwdwvagv2a6ojq8zx5xhwl4c6bpyogg	.eJxVjMsOwiAQRf-FtSEMDAVcuvcbyMBMbdXQpI-V8d-1SRe6veec-1KZtnXI2yJzHlmdFajT71aoPqTtgO_UbpOuU1vnsehd0Qdd9HVieV4O9-9goGX41sjBFegEbAFvLRlr0HfGcudAXAgRxQeJaIoFXzlhT1Ew9gmSYUxOvT-rpTZ9:1uOh01:psUUSH48fTDCc1e80ZYOjlUiZr0V4VhUJoG-uhApAuw	2025-06-23 18:13:33.564571+00
4gi6k7g3e5dbt7j1h5ivdd0utd15chka	.eJxVjEEOwiAQAP_C2ZCFUko9eu8byLIsUjWQlPZk_Lsh6UGvM5N5C4_Hnv3RePNrFFehxOWXBaQnly7iA8u9Sqpl39YgeyJP2-RSI79uZ_s3yNhy3zJB0nac7UTOGYsxxRScDmDiPKUULIFmhQBmtEyDJsMMJmlyFnlQ4vMF9D44Ww:1uQGBU:0u7agSCWvgz37mfDs4ReW-u7xbI1oU9mc-eKDHkLK00	2025-06-28 01:59:52.756967+00
yyjrdpogwlsamsryl1c8eirke9186v4j	.eJxVjEEOwiAQAP_C2ZCFUko9eu8byLIsUjWQlPZk_Lsh6UGvM5N5C4_Hnv3RePNrFFehxOWXBaQnly7iA8u9Sqpl39YgeyJP2-RSI79uZ_s3yNhy3zJB0nac7UTOGYsxxRScDmDiPKUULIFmhQBmtEyDJsMMJmlyFnlQ4vMF9D44Ww:1uQyG0:mVAkSqSVZybj-5bG0GgER4FrHKIGIhVWH2IfQU21mYo	2025-06-30 01:03:28.647513+00
\.


--
-- Data for Name: site_obpc_carrosel_index; Type: TABLE DATA; Schema: public; Owner: jonathanbrito
--

COPY public.site_obpc_carrosel_index (id, nome_imagem, imagem, link_pagina, posicao, publicado) FROM stdin;
5	2025	carrosel/Banners_2025_1216_x_606_px.png	\N	1	t
2	Culto de Ensino	carrosel/Reino_de_ctFfdEw.jpg	\N	2	t
6	Culto Quinta-feira	carrosel/QUINTA_DA_ADORAÇÃO__1920_x_1080_px_1216_x_606_px_20250115_181929_0000.png	\N	3	t
4	Teologia	carrosel/CURSO_TEOLOGIA_Apresentação_svXenve.jpg	\N	5	f
\.


--
-- Data for Name: site_obpc_categoria_servicos; Type: TABLE DATA; Schema: public; Owner: jonathanbrito
--

COPY public.site_obpc_categoria_servicos (id, categoria) FROM stdin;
\.


--
-- Data for Name: site_obpc_congregacoes; Type: TABLE DATA; Schema: public; Owner: jonathanbrito
--

COPY public.site_obpc_congregacoes (id, nome_congregacao, facebook, instagram, endereco, link_maps, cultos, foto_banner, foto_dirigentes, dirigente) FROM stdin;
1	OBPC Camargo Velho	obpc.camargovelho	obpc.camargovelho	Rua Tibúrcio de Sousa 1760, Jd Camargo Velho	\N	Quarta e Sexta-feira 20h00\r\nSábado 20h00\r\nDomingo 18h00			Pastor Julião
2	OBPC Kemel II	obpccidadekemel2	obpckemel_2	Rua Marco Antônio Setti, 446, Cidade Kemel	\N	Quarta e Sexta-feira 20h00\r\nSábado 20h00\r\nDomingo 18h00			Diácono Kelvin
\.


--
-- Data for Name: site_obpc_cursos; Type: TABLE DATA; Schema: public; Owner: jonathanbrito
--

COPY public.site_obpc_cursos (id, nome_curso_extenso, nome_curso_abreviado, descricao, duracao, descricao_duracao, periodo, local, modalidade, investimento, descricao_investimento, informacoes_complementares, nome_coordenacao, foto_coordenacao, foto_banner, link_inscricao) FROM stdin;
1	Casados para Sempre	Casais	O Marriage Ministries Intemational trabalha junto com a igreja local para curar e fortalecer os casamentos. Nossa firme convicção é que todos os casais têm uma tarefa do Senhor, e é nosso desejo ajudar a edificá‑los e equipá‑los para tal ministério como uma equipe de uma só carne.\r\n\r\nCremos que, quando os lares são fortes, as igrejas são fortes. Os princípios bíblicos compartilhados no curso “Casados Para Sempre” ensinam aos casais como andar na plenitude do relacionamento de uma só carne, capacitando‑os a se tornar um lar cristão que seja luz, ministrando salvação, cura e libertação em nome do Senhor Jesus.\r\n\r\nPara os casais cujos casamentos estão atribulados. O MMI oferece esperança de reconciliação e cura permanentes. Os estudos do curso “Casados Para Sempre” providenciam as ferramentas necessárias para aqueles que estão procurando andar em paz e harmonia.	14 semanas	O curso “Casados Para Sempre” contém 13 lições, ministradas em 14 semanas.	Noturno	Itaim Paulista	Presencial	R$ 60,00	\N	\N	Diaconos Alexsandre e Rosilene Lima	cursos/coordenador/alexerose_JKHQDSu.jpg	cursos/banner/logo_casados_j55PJGR.jpg	\N
2	Teologia	Teologia	O Instituto Bíblico O Brasil Para Cristo, tem como objetivo capacitar pastores e demais obreiros com a finalidade de prepará-los para a seara do Senhor Jesus, que em certa ocasião olhando para o sofrimento dos homens, disse: “… A seara é grande, mais os ceifeiros são poucos. Rogai, pois, ao Senhor da seara que envie ceifeiros para sua seara.” (Mt 9.37,38). É e verdade também que o trabalhador precisa conhecer sua atividade específica, inclusive as ferramentas que ele vai utilizar no dia-a-dia para execução de suas tarefas. Com esta visão o IBBC se propõe a dar formação teológica aos obreiros e pastores, com um material de qualidade, e uma grade curricular que abrange todas as matérias de um excelente curso de teologia. O curso está divido em três fases, básico, médio e pleno.	6 semestres	O núcleo IBBC Itaim Paulista oferece atualmente três fases do curso: básico, médio e pleno, cada fase com duração de 2 semestres (2 módulos)\r\nA turma Teologia - Básico é ministrada aos Sábados das 15h às 18h\r\nA turma Teologia - Médio é ministrada às segundas-feiras das 19h45 às 22h45\r\nA turma Teologia - Pleno é ministrada às segundas-feiras das 19h45 às 22h45	Vespertino ou Noturno	Itaim Paulista	Presencial	R$ 120/mês	\N	\N	Pastor Julião	cursos/coordenador/coordenador-template_fnyfyVr.png	cursos/banner/270220754_455806166158142_1008127401520474489_n_ZN8DTq0.png	\N
\.


--
-- Data for Name: site_obpc_devocional; Type: TABLE DATA; Schema: public; Owner: jonathanbrito
--

COPY public.site_obpc_devocional (id, titulo_devocional, texto_devocional, autor, banner_home, banner_pagina_devocional, data_devocional) FROM stdin;
3	Clamando a Deus Pela Cura do Corpo e da Mente	Lucas 8:40-42,49-52,54-55\r\n'Quando Jesus voltou, a multidão o recebeu com alegria, porque todos o estavam esperando. Eis que veio um homem chamado Jairo, que era chefe da sinagoga, e, prostrando-se aos pés de Jesus, suplicou-lhe que fosse até a sua casa. Pois tinha uma filha única de uns doze anos, que estava morrendo. Enquanto Jesus caminhava, as multidões o apertavam. Enquanto Jesus ainda falava, veio uma pessoa da casa do chefe da sinagoga, dizendo: — A sua filha já morreu; não incomode mais o Mestre. Mas Jesus, ouvindo isto, lhe disse: — Não tenha medo; apenas creia, e ela será salva. Tendo chegado à casa, Jesus não permitiu que ninguém entrasse com ele, a não ser Pedro, João e Tiago, além do pai e da mãe da menina. E todos choravam e a pranteavam. Mas Jesus disse: — Não chorem; ela não está morta, mas dorme. Mas Jesus, tomando-a pela mão, disse em voz alta: — Menina, levante-se! Voltou-lhe o espírito, ela imediatamente se levantou, e Jesus mandou que lhe dessem de comer. '	Pr. Caique	devocional/banner/Cópia_de_12_DIas_2024_1519_x_510_px_yk3ow0S.png	devocional/banner/12_DIas_2024_800_x_530_px.png	2025-01-03
\.


--
-- Data for Name: site_obpc_eventos; Type: TABLE DATA; Schema: public; Owner: jonathanbrito
--

COPY public.site_obpc_eventos (id, nome_evento, data_fim, hora_evento, descricao_evento, banner_evento, foto_card_evento, "Endereco_evento", ministerio_id, data_inicio) FROM stdin;
1	12 dias de Clamor para 12 meses de Bênçãos	2025-01-31	\N	Campanha 12 dias de Clamor para 12 meses de bênçãos, onde clamamos e entregamos a Deus cada mês do nosso ano. Em 2025 vamos clamar por temas específicos em cada dia da campanha, congrando nosso ano. \r\nNão deixe de participar, esperamos por você!	eventos/banners/12_dias_600_x_600_px.png	eventos/card_evento/12_dias_400_x_400_px.png	Rua Juraraterê, 138	\N	2025-01-20
\.


--
-- Data for Name: site_obpc_instagramapi; Type: TABLE DATA; Schema: public; Owner: jonathanbrito
--

COPY public.site_obpc_instagramapi (id, id_instagram, media_type, caption, media_url, "timestamp", children, thumbnail_url, permalink, created_time) FROM stdin;
\.


--
-- Data for Name: site_obpc_instagramtoken; Type: TABLE DATA; Schema: public; Owner: jonathanbrito
--

COPY public.site_obpc_instagramtoken (id, token) FROM stdin;
\.


--
-- Data for Name: site_obpc_lideres_ministerios; Type: TABLE DATA; Schema: public; Owner: jonathanbrito
--

COPY public.site_obpc_lideres_ministerios (id, nome_lider, cargo, foto_lider, ministerio_id, posicao) FROM stdin;
\.


--
-- Data for Name: site_obpc_ministerios; Type: TABLE DATA; Schema: public; Owner: jonathanbrito
--

COPY public.site_obpc_ministerios (id, nome_ministerio, descricao_ministerio, foto_ministerio, logo_ministerio, card_ministerio, publicado, email_contato, telefone_contato, facebook, instagram) FROM stdin;
1	Umasbrac	UMASBRAC – União de Homens da Igreja O Brasil Para Cristo é um ministério dentro da igreja OBPC que tem como objetivo promover o crescimento espiritual e o serviço dos homens na obra de Deus. Oficializado em 25 de janeiro de 1997, a UMASBRAC recebeu dos pastores presidentes da denominação a missão de organizar-se e formar lideranças em todas as igrejas locais, começando por São Paulo e se estendendo por todo o Brasil. Desde então, a UMASBRAC tem experimentado um crescimento exponencial, com um aumento significativo do número de homens envolvidos nas atividades da igreja local. O departamento tem se preocupado especificamente com as necessidades e desafios enfrentados pelos homens, buscando desenvolver oportunidades para que eles possam servir no reino de Deus com seus dons e talentos. O lema deste departamento é a participação do homem no reino de Deus, sendo esta uma forma de tornar o homem da igreja, um membro ativo e participativo, na igreja local descobrindo assim e despertando o chamado para o ministério quando for o caso, mais de uma maneira geral contribuindo para o Ide de Jesus. Um aspecto importante do trabalho da UMASBRAC, a ênfase na formação de líderes. O departamento busca identificar e capacitar homens para exercerem liderança na igreja e na sociedade, preparando-os para enfrentar os desafios do mundo contemporâneo com base nos princípios bíblicos.\r\n\r\nUm dos principais objetivos adjacentes da UMASBRAC é contribuir para a promoção da família, igreja e sociedade, buscando a glorificação de Deus e de seu Filho Jesus Cristo. Os homens são encorajados a assumir liderança em suas casas, igrejas e comunidades, sendo exemplos de fé, amor e serviço.	ministerios/foto_ministerios/Umasbrac_K5Y7U5a.png	ministerios/logo_ministerio/logo_umasbrac_RyrFm0M.png	ministerios/card_index/Card_Umasbrac_fmTHnCD.png	t	\N	\N	\N	\N
2	Jubrac	Percebemos, cada vez mais, que a execução dos pontos do programa auxilia a preparação e a composição das diversas correntes de pensamento. Por outro lado, o desenvolvimento contínuo de distintas formas de atuação talvez venha a ressaltar a relatividade do fluxo de informações.\r\n\r\nTodas estas questões, devidamente ponderadas, levantam dúvidas sobre se a contínua expansão de nossa atividade aponta para a melhoria do sistema de participação geral.\r\n\r\nNo entanto, não podemos esquecer que o novo modelo estrutural aqui preconizado cumpre um papel essencial na formulação das posturas dos órgãos dirigentes com relação às suas atribuições. Evidentemente, a estrutura atual da organização é uma das consequências do remanejamento dos quadros funcionais.\r\n\r\nA prática cotidiana prova que o julgamento imparcial das eventualidades garante a contribuição de um grupo importante na determinação das direções preferenciais no sentido do progresso.	ministerios/foto_ministerios/jubrac_3NFsWsq.jpg	ministerios/logo_ministerio/jubrac_logo_1_wJtWw6Y.png	ministerios/card_index/Card_Jubrac_QNcW77m.png	t	juliana@gmail.com	11945825207	jubracitaim	jubracitaim
3	Adobrac	Adolescentes da Igreja OBPC Itaim Paulista	ministerios/foto_ministerios/adobrac_cNbZvwW.jpg	ministerios/logo_ministerio/Design_sem_nome_3_vpZFTp5.png	ministerios/card_index/Card_Adobrac_bn1pb84.png	t	\N	\N	\N	adobracitaimpta
4	Ufebrac	Descrição Ufebrac	ministerios/foto_ministerios/ufebrac_KZoaz2l.jpg	ministerios/logo_ministerio/logo_ufebrac_OfrPpEB.png	ministerios/card_index/ufebrac_w3lZZTv.jpg	t	\N	\N	\N	\N
5	MeidBrac	MeidBrac Descrição	ministerios/foto_ministerios/meidbrac_dmKSSDj.jpg		ministerios/card_index/meidbrac_R2AOY0M.jpg	t	\N	\N	\N	\N
6	Menibrac	O QUE É MENIBRAC?\r\nMENIBRAC – meninada O Brasil para Cristo – sigla para Meninos e Meninas da Igreja O Brasil Para Cristo. É o departamento de Ensino Cristão das crianças das Igrejas OBPC. Abordando, com uma linguagem acessível à faixa etária atendida, o ensino da Palavra de Deus, da doutrina\r\ncristã e do credo professado pela OBPC.\r\n\r\nAo recebermos uma criança, estamos recebendo o próprio Senhor Jesus. Como você O receberia? Da mesma forma, você deve receber as crianças. É da vontade de Deus que as crianças sejam salvas ainda na tenra idade. Se quisermos realmente fazer a vontade de Deus, então teremos que nos preocupar com a evangelização das crianças. (Mateus 18:5-14).\r\nAs crianças não se deixam enganar com um profissional, por isso, é necessário que demonstremos amor pelo que elas são, a fim de que se sintam atraídas à casa de Deus.	ministerios/foto_ministerios/455057074_841312274765558_8476962323418736677_n_kjWkxpt.jpg	ministerios/logo_ministerio/MENIBRAC-300x174_qnL42zw.png	ministerios/card_index/menibrac_card_bko2eR5.jpg	t	\N	\N	\N	\N
7	RaqadBrac	Ministério de Dança da Igreja OBPC Itaim Paulista	ministerios/foto_ministerios/raqad_2_O4j0a1d.jpg	ministerios/logo_ministerio/raqad_logo_qZqZNcR.png	ministerios/card_index/Card_Raqad_8ll6pVY.png	t	\N	11985301450	falarcomraqad	ministerio_raqad
\.


--
-- Data for Name: site_obpc_pastores; Type: TABLE DATA; Schema: public; Owner: jonathanbrito
--

COPY public.site_obpc_pastores (id, nome_pastor, cargo, biografia, foto, publicado, posicao) FROM stdin;
1	Melquisedeque Rezende	Pastor Titular	Ola ola ola	pastores/foto_pastor/pastor_melqui_sXq2dXN.jpg	t	1
2	Ubiratan Rios	Co-pastor	\N	pastores/foto_pastor/Design_sem_nome_5.png	t	2
\.


--
-- Data for Name: site_obpc_quemsomos; Type: TABLE DATA; Schema: public; Owner: jonathanbrito
--

COPY public.site_obpc_quemsomos (id, texto, data_publicacao, nome_qsomos) FROM stdin;
1	Vamos começar essa história para que fique bem gravado em sua memória. E para você que está chegando agora, precisamos voltar alguns anos para que possa entender desde o início toda a trajetória.\r\n\r\nEm 1955 o Missionário Manoel de Melo teve uma visão, onde o Senhor Jesus lhe ordenou para começar um movimento de Reavivamento Espiritual, Evangelização e Cura Divina, o nome seria “O Brasil Para Cristo”. O Missionário obedeceu a ordem e começou a ganhar o Brasil Para Cristo realizando inúmeros cultos em praças públicas e estádios de futebol. Deus se fez presente em todos os eventos. A Igreja ganhou visibilidade e o campo foi se expandindo, chegando então até o bairro de Itaim Paulista no ano de 1964.\r\n\r\nEm 1968 o Missionário autorizou o início de um ponto de pregação na casa de um membro, passaram-se os anos e quando os irmãos que ali congregavam conseguiram alugar um espaço, a Igreja se tornou congregação da Região de São Miguel Paulista.\r\nApós uns dez anos o Pastor Orlando Silva, muito preocupado começou a enviar alguns Pastores abençoados para essa Congregação, porém o trabalho apesar do esforço acabava sendo em vão, pois, acreditem vocês ou não, diziam até que havia um sapo enterrado naquele lugar, sendo um trabalho mandado para acabar de fato com aquela congregação.\r\n\r\nEm 1981 o Pastor Orlando sempre muito ousado, já estava de olho em uma família amada que com ele já atuava, decidiu, guiado pelo Espírito Santo de Deus, os enviar para assumir essa Congregação, Pastor Benedito de Oliveira com sua esposa irmã Rubeny e seus filhos: Damares, Davi, Dayse e Levy, Lígia ainda não era nascida, eles atenderam ao chamado e aceitaram o desafio de assumir uma igreja que era conhecida no bairro como “a igreja dos bancos vazios”. Por ter participado e aprendido com o Missionário, o Pastor Benedito também fez muitos movimentos evangelísticos pelo bairro, fez cultos nas ruas, nas praças, visitas nos lares e pendurou caixas de som em postes para que a Palavra de Deus chegasse em lares mais afastados... e a Igreja cresceu, e o nome do Senhor foi propagado. Deus o usava com poder e autoridade para curar e libertar pessoas, muitas famílias foram alcançadas e abençoadas.\r\n\r\nDesde quando assumiu, o Pastor Benedito pediu que sua esposa, irmã Rubeny, começasse um trabalho de círculo de oração todos os dias pela manhã, ela entendeu e direcionada pelo Espírito Santo de Deus deu início a esse trabalho dividindo seu ministério com mulheres compromissadas com a Obra de Deus.\r\nEm 1984 a igreja passou por sua primeira reforma, pois já precisava de um espaço maior para acomodar mais pessoas, tamanha era a Glória manifesta naquele lugar.\r\nE como o nosso lema é: “Ganhar o Brasil Para Cristo”, em 1986 compramos o terreno onde em apenas seis meses foi construída a Igreja no Jd. Das Oliveiras, e não paramos mais.\r\n\r\nEm 1987 recebemos autonomia, nos tornando assim Igreja Sede em Itaim Paulista, já tínhamos uma Congregação e adquirimos um terreno de mais de 4 mil m², onde hoje é a OBPC Jd. Indaiá.\r\n\r\nEm 1989, nós, agora como Igreja Sede, passamos pela segunda reforma aumentando mais uma vez nosso espaço físico para comportar mais pessoas.\r\n\r\nNo ano de 1994 compramos o terreno na Rua Juraraterê, onde seria construída a nova Sede no bairro e em 1995 alugamos um galpão que comportava 1500 pessoas, pois a igreja havia crescido e precisávamos de um templo maior, também compramos um ônibus para transportar os membros que ainda não tinham carro.\r\n\r\nFicamos nesse galpão alugado por quatro anos e, após esse período voltamos para o antigo templo até ser concluída a construção. Levou muito tempo até conseguirmos ter a documentação do terreno regularizada para começarmos a construir nossa nova Sede, muitas pessoas preocupadas com o Pastor Benedito sugeriram que ele fizesse um estacionamento no terreno, pois assim conseguiria arrecadar dinheiro para pagar algumas despesas, mas ele sempre acreditou na direção que Deus o havia dado quanto à construção dessa Igreja.\r\n\r\nEnfim, em 2003 a documentação foi liberada e iniciamos a construção. Em 2008 ainda com o templo em fase de acabamento, tivemos uma pré inauguração com um culto de Santa Ceia ministrada pelo pastor Bendito, nessa época ele estava com a saúde bem debilitada e por isso o seu filho pastor Levy e sua esposa Fernanda estavam à frente da igreja. Infelizmente em 2010, Deus levou para si nosso querido e saudoso Pastor Benedito, nessa ocasião o pastor Levy assumiu a presidência da igreja fazendo um trabalho abençoado, com muita dedicação e amor junto com sua esposa Fernanda durante dez anos.\r\n\r\nA Região de Itaim Paulista contava com 13 Congregações que após seu falecimento receberam autonomia para que cada uma ampliasse os horizontes para continuar ganhando mais almas e o Brasil Para Cristo.\r\n\r\nComo nossa Igreja sempre honrou o legado deixado pelo Pastor Benedito, não ficamos parados, um ano depois já estávamos com um novo Ponto de Pregação no Jd. Camargo Velho e que logo depois se tornou nossa primeira congregação nessa nova fase da história, e sabem quem se mantinha aqui sempre orientando os Pastores que ficaram? Ela mesmo, nossa amada Matriarca Miss. Rubeny, que sempre firme, constante e atuante nunca deixou o arado sequer por um instante, a Igreja continuou crescendo, avançando para O Alvo que é Jesus, as orações das manhãs de bênçãos não pararam nem no período da pandemia, e essas orações continuam sendo a coluna forte dessa Igreja e Região.\r\n\r\nEm 2020, ano da pandemia, o nosso pastor Melquisedeque assumiu a presidência desta igreja, com sua esposa Lígia sempre ao seu lado.\r\n\r\nEm 2024 tivemos a alegria de comemorar 60 anos de história tendo o nosso Pastor Melquisedeque genro do Pastor Benedito e Lígia sua filha caçula, dando continuidade a esse legado tão rico com Jovens, crianças, adolescentes, homens, mulheres e até a melhor Idade caminhando junto com a comunidade OBPC, um impulsionando o outro com a visão clara do Espírito Santo e muito trabalho, resiliência e paciência.\r\n\r\nSão 60 anos, que levaríamos muitos e muitos textos para contar em detalhes todo o ocorrido. Você que ficou até aqui e entendeu toda essa trajetória, tenha certeza de que já está gravado na sua memória. Seu papel agora é dar continuidade, para que todos saibam que Deus é quem continua direcionando e capacitando cada um.	2025-01-07	História OBPC Itaim Paulista
\.


--
-- Data for Name: site_obpc_servicos; Type: TABLE DATA; Schema: public; Owner: jonathanbrito
--

COPY public.site_obpc_servicos (id, nome_empresa, foto, facebook_empresa, instagram_empresa, whatsapp_empresa, site_empresa, publicado, categoria_id) FROM stdin;
\.


--
-- Data for Name: site_obpc_youtubeapi; Type: TABLE DATA; Schema: public; Owner: jonathanbrito
--

COPY public.site_obpc_youtubeapi (id, "videoId", "publishedAt", title, thumbnails, "liveBroadcastContent", created_time) FROM stdin;
9615	uUbSixihZkU	2025-05-28T12:47:20Z	O Reino de Deus X O Reino dos Homens | 27/05	https://i.ytimg.com/vi/uUbSixihZkU/hqdefault.jpg	none	2025-06-16 01:00:05.153923+00
9616	6j_bK-5qnOc	2025-05-25T12:59:35Z	CELEBRAÇÃO UMASBRAC | 24/05	https://i.ytimg.com/vi/6j_bK-5qnOc/hqdefault.jpg	none	2025-06-16 01:00:05.156786+00
9617	ACGP2jnuRN0	2025-06-15T23:42:25Z	CULTO DA FAMÍLIA 15/06	https://i.ytimg.com/vi/ACGP2jnuRN0/hqdefault.jpg	none	2025-06-16 01:00:05.157108+00
9618	tv8MRyHPmmw	2025-05-23T13:20:44Z	QUINTA DA LIBERTAÇÃO | 22/05	https://i.ytimg.com/vi/tv8MRyHPmmw/hqdefault.jpg	none	2025-06-16 01:00:05.159167+00
9619	CjhADtCywVQ	2025-06-11T12:28:52Z	O Reino de Deus X O Reino dos Homens | 10/06	https://i.ytimg.com/vi/CjhADtCywVQ/hqdefault.jpg	none	2025-06-16 01:00:05.160775+00
9620	P5EQeWO54mw	2025-05-21T12:36:49Z	O Reino de Deus X O Reino dos Homens | 20/05	https://i.ytimg.com/vi/P5EQeWO54mw/hqdefault.jpg	none	2025-06-16 01:00:05.161523+00
9621	siKSipjJvTo	2025-06-08T23:59:27Z	Santa Ceia do Senhor | 08/06	https://i.ytimg.com/vi/siKSipjJvTo/hqdefault.jpg	none	2025-06-16 01:00:05.163481+00
9622	1Yq-iz1LOU8	2025-05-18T23:45:41Z	Culto da Família | 18/05	https://i.ytimg.com/vi/1Yq-iz1LOU8/hqdefault.jpg	none	2025-06-16 01:00:05.164068+00
9623	kThNFTT-cuo	2025-06-06T12:20:27Z	Culto Quinta da Libertação | 05/06	https://i.ytimg.com/vi/kThNFTT-cuo/hqdefault.jpg	none	2025-06-16 01:00:05.165664+00
9624	uVhzBn7XA7E	2025-05-18T13:01:43Z	FORMATURA DE TEOLOGIA 17/25	https://i.ytimg.com/vi/uVhzBn7XA7E/hqdefault.jpg	none	2025-06-16 01:00:05.166505+00
9625	yWNST_872m4	2025-06-04T12:23:28Z	O Reino de Deus X O Reino dos Homens | 03/06	https://i.ytimg.com/vi/yWNST_872m4/hqdefault.jpg	none	2025-06-16 01:00:05.168365+00
9626	U5HR_q8JldU	2025-05-16T12:44:42Z	"Quinta da Libertação" | 15/06	https://i.ytimg.com/vi/U5HR_q8JldU/hqdefault.jpg	none	2025-06-16 01:00:05.169146+00
9627	9KAFqmfAgqk	2025-06-02T11:28:10Z	Culto da Família | 01/06	https://i.ytimg.com/vi/9KAFqmfAgqk/hqdefault.jpg	none	2025-06-16 01:00:05.170958+00
9628	NBlCJSgpUVo	2025-05-14T12:35:26Z	O Reino de Deus X O Reino dos Homens | 13/06	https://i.ytimg.com/vi/NBlCJSgpUVo/hqdefault.jpg	none	2025-06-16 01:00:05.171397+00
9629	yj8xmdwbA54	2025-06-01T12:23:38Z	Palavra com Dança, RAQAD | 31/05	https://i.ytimg.com/vi/yj8xmdwbA54/hqdefault.jpg	none	2025-06-16 01:00:05.173182+00
9630	0XEiEKkKjYk	2025-05-11T23:53:10Z	CULTO DIA DAS MÃES 11/05	https://i.ytimg.com/vi/0XEiEKkKjYk/hqdefault.jpg	none	2025-06-16 01:00:05.173964+00
9631	IRJX9fttMVk	2025-05-30T13:30:11Z	Curadas Para Curar 29/05	https://i.ytimg.com/vi/IRJX9fttMVk/hqdefault.jpg	none	2025-06-16 01:00:05.175796+00
9632	tlklXxsd4oc	2025-05-11T01:09:32Z	Santa Ceia do Senhor | 10/06	https://i.ytimg.com/vi/tlklXxsd4oc/hqdefault.jpg	none	2025-06-16 01:00:05.176273+00
9634	mHHVIzr0YLU	2025-05-09T13:11:31Z	Quinta da Libertação | 08/06	https://i.ytimg.com/vi/mHHVIzr0YLU/hqdefault.jpg	none	2025-06-16 01:00:05.178749+00
9635	xCWXu4dmfYg	2025-05-07T12:31:14Z	O Reino de Deus X O Reino dos Homens | 06/05	https://i.ytimg.com/vi/xCWXu4dmfYg/hqdefault.jpg	none	2025-06-16 01:00:05.18087+00
9636	vMg1zjWZWjk	2025-05-04T23:38:54Z	Culto da Família  05/04	https://i.ytimg.com/vi/vMg1zjWZWjk/hqdefault.jpg	none	2025-06-16 01:00:05.185359+00
\.


--
-- Name: auth_group_id_seq; Type: SEQUENCE SET; Schema: public; Owner: jonathanbrito
--

SELECT pg_catalog.setval('public.auth_group_id_seq', 1, false);


--
-- Name: auth_group_permissions_id_seq; Type: SEQUENCE SET; Schema: public; Owner: jonathanbrito
--

SELECT pg_catalog.setval('public.auth_group_permissions_id_seq', 1, false);


--
-- Name: auth_permission_id_seq; Type: SEQUENCE SET; Schema: public; Owner: jonathanbrito
--

SELECT pg_catalog.setval('public.auth_permission_id_seq', 80, true);


--
-- Name: auth_user_groups_id_seq; Type: SEQUENCE SET; Schema: public; Owner: jonathanbrito
--

SELECT pg_catalog.setval('public.auth_user_groups_id_seq', 1, false);


--
-- Name: auth_user_id_seq; Type: SEQUENCE SET; Schema: public; Owner: jonathanbrito
--

SELECT pg_catalog.setval('public.auth_user_id_seq', 2, true);


--
-- Name: auth_user_user_permissions_id_seq; Type: SEQUENCE SET; Schema: public; Owner: jonathanbrito
--

SELECT pg_catalog.setval('public.auth_user_user_permissions_id_seq', 80, true);


--
-- Name: django_admin_log_id_seq; Type: SEQUENCE SET; Schema: public; Owner: jonathanbrito
--

SELECT pg_catalog.setval('public.django_admin_log_id_seq', 56, true);


--
-- Name: django_content_type_id_seq; Type: SEQUENCE SET; Schema: public; Owner: jonathanbrito
--

SELECT pg_catalog.setval('public.django_content_type_id_seq', 20, true);


--
-- Name: django_migrations_id_seq; Type: SEQUENCE SET; Schema: public; Owner: jonathanbrito
--

SELECT pg_catalog.setval('public.django_migrations_id_seq', 66, true);


--
-- Name: site_obpc_carrosel_index_id_seq; Type: SEQUENCE SET; Schema: public; Owner: jonathanbrito
--

SELECT pg_catalog.setval('public.site_obpc_carrosel_index_id_seq', 6, true);


--
-- Name: site_obpc_categoria_servicos_id_seq; Type: SEQUENCE SET; Schema: public; Owner: jonathanbrito
--

SELECT pg_catalog.setval('public.site_obpc_categoria_servicos_id_seq', 1, false);


--
-- Name: site_obpc_congregacoes_id_seq; Type: SEQUENCE SET; Schema: public; Owner: jonathanbrito
--

SELECT pg_catalog.setval('public.site_obpc_congregacoes_id_seq', 2, true);


--
-- Name: site_obpc_cursos_id_seq; Type: SEQUENCE SET; Schema: public; Owner: jonathanbrito
--

SELECT pg_catalog.setval('public.site_obpc_cursos_id_seq', 2, true);


--
-- Name: site_obpc_devocional_id_seq; Type: SEQUENCE SET; Schema: public; Owner: jonathanbrito
--

SELECT pg_catalog.setval('public.site_obpc_devocional_id_seq', 3, true);


--
-- Name: site_obpc_eventos_id_seq; Type: SEQUENCE SET; Schema: public; Owner: jonathanbrito
--

SELECT pg_catalog.setval('public.site_obpc_eventos_id_seq', 1, true);


--
-- Name: site_obpc_instagramapi_id_seq; Type: SEQUENCE SET; Schema: public; Owner: jonathanbrito
--

SELECT pg_catalog.setval('public.site_obpc_instagramapi_id_seq', 1, false);


--
-- Name: site_obpc_instagramtoken_id_seq; Type: SEQUENCE SET; Schema: public; Owner: jonathanbrito
--

SELECT pg_catalog.setval('public.site_obpc_instagramtoken_id_seq', 1, false);


--
-- Name: site_obpc_lideres_ministerios_id_seq; Type: SEQUENCE SET; Schema: public; Owner: jonathanbrito
--

SELECT pg_catalog.setval('public.site_obpc_lideres_ministerios_id_seq', 1, false);


--
-- Name: site_obpc_ministerios_id_seq; Type: SEQUENCE SET; Schema: public; Owner: jonathanbrito
--

SELECT pg_catalog.setval('public.site_obpc_ministerios_id_seq', 7, true);


--
-- Name: site_obpc_pastores_id_seq; Type: SEQUENCE SET; Schema: public; Owner: jonathanbrito
--

SELECT pg_catalog.setval('public.site_obpc_pastores_id_seq', 2, true);


--
-- Name: site_obpc_quemsomos_id_seq; Type: SEQUENCE SET; Schema: public; Owner: jonathanbrito
--

SELECT pg_catalog.setval('public.site_obpc_quemsomos_id_seq', 1, true);


--
-- Name: site_obpc_servicos_id_seq; Type: SEQUENCE SET; Schema: public; Owner: jonathanbrito
--

SELECT pg_catalog.setval('public.site_obpc_servicos_id_seq', 1, false);


--
-- Name: site_obpc_youtubeapi_id_seq; Type: SEQUENCE SET; Schema: public; Owner: jonathanbrito
--

SELECT pg_catalog.setval('public.site_obpc_youtubeapi_id_seq', 9636, true);


--
-- Name: auth_group auth_group_name_key; Type: CONSTRAINT; Schema: public; Owner: jonathanbrito
--

ALTER TABLE ONLY public.auth_group
    ADD CONSTRAINT auth_group_name_key UNIQUE (name);


--
-- Name: auth_group_permissions auth_group_permissions_group_id_permission_id_0cd325b0_uniq; Type: CONSTRAINT; Schema: public; Owner: jonathanbrito
--

ALTER TABLE ONLY public.auth_group_permissions
    ADD CONSTRAINT auth_group_permissions_group_id_permission_id_0cd325b0_uniq UNIQUE (group_id, permission_id);


--
-- Name: auth_group_permissions auth_group_permissions_pkey; Type: CONSTRAINT; Schema: public; Owner: jonathanbrito
--

ALTER TABLE ONLY public.auth_group_permissions
    ADD CONSTRAINT auth_group_permissions_pkey PRIMARY KEY (id);


--
-- Name: auth_group auth_group_pkey; Type: CONSTRAINT; Schema: public; Owner: jonathanbrito
--

ALTER TABLE ONLY public.auth_group
    ADD CONSTRAINT auth_group_pkey PRIMARY KEY (id);


--
-- Name: auth_permission auth_permission_content_type_id_codename_01ab375a_uniq; Type: CONSTRAINT; Schema: public; Owner: jonathanbrito
--

ALTER TABLE ONLY public.auth_permission
    ADD CONSTRAINT auth_permission_content_type_id_codename_01ab375a_uniq UNIQUE (content_type_id, codename);


--
-- Name: auth_permission auth_permission_pkey; Type: CONSTRAINT; Schema: public; Owner: jonathanbrito
--

ALTER TABLE ONLY public.auth_permission
    ADD CONSTRAINT auth_permission_pkey PRIMARY KEY (id);


--
-- Name: auth_user_groups auth_user_groups_pkey; Type: CONSTRAINT; Schema: public; Owner: jonathanbrito
--

ALTER TABLE ONLY public.auth_user_groups
    ADD CONSTRAINT auth_user_groups_pkey PRIMARY KEY (id);


--
-- Name: auth_user_groups auth_user_groups_user_id_group_id_94350c0c_uniq; Type: CONSTRAINT; Schema: public; Owner: jonathanbrito
--

ALTER TABLE ONLY public.auth_user_groups
    ADD CONSTRAINT auth_user_groups_user_id_group_id_94350c0c_uniq UNIQUE (user_id, group_id);


--
-- Name: auth_user auth_user_pkey; Type: CONSTRAINT; Schema: public; Owner: jonathanbrito
--

ALTER TABLE ONLY public.auth_user
    ADD CONSTRAINT auth_user_pkey PRIMARY KEY (id);


--
-- Name: auth_user_user_permissions auth_user_user_permissions_pkey; Type: CONSTRAINT; Schema: public; Owner: jonathanbrito
--

ALTER TABLE ONLY public.auth_user_user_permissions
    ADD CONSTRAINT auth_user_user_permissions_pkey PRIMARY KEY (id);


--
-- Name: auth_user_user_permissions auth_user_user_permissions_user_id_permission_id_14a6b632_uniq; Type: CONSTRAINT; Schema: public; Owner: jonathanbrito
--

ALTER TABLE ONLY public.auth_user_user_permissions
    ADD CONSTRAINT auth_user_user_permissions_user_id_permission_id_14a6b632_uniq UNIQUE (user_id, permission_id);


--
-- Name: auth_user auth_user_username_key; Type: CONSTRAINT; Schema: public; Owner: jonathanbrito
--

ALTER TABLE ONLY public.auth_user
    ADD CONSTRAINT auth_user_username_key UNIQUE (username);


--
-- Name: django_admin_log django_admin_log_pkey; Type: CONSTRAINT; Schema: public; Owner: jonathanbrito
--

ALTER TABLE ONLY public.django_admin_log
    ADD CONSTRAINT django_admin_log_pkey PRIMARY KEY (id);


--
-- Name: django_content_type django_content_type_app_label_model_76bd3d3b_uniq; Type: CONSTRAINT; Schema: public; Owner: jonathanbrito
--

ALTER TABLE ONLY public.django_content_type
    ADD CONSTRAINT django_content_type_app_label_model_76bd3d3b_uniq UNIQUE (app_label, model);


--
-- Name: django_content_type django_content_type_pkey; Type: CONSTRAINT; Schema: public; Owner: jonathanbrito
--

ALTER TABLE ONLY public.django_content_type
    ADD CONSTRAINT django_content_type_pkey PRIMARY KEY (id);


--
-- Name: django_migrations django_migrations_pkey; Type: CONSTRAINT; Schema: public; Owner: jonathanbrito
--

ALTER TABLE ONLY public.django_migrations
    ADD CONSTRAINT django_migrations_pkey PRIMARY KEY (id);


--
-- Name: django_session django_session_pkey; Type: CONSTRAINT; Schema: public; Owner: jonathanbrito
--

ALTER TABLE ONLY public.django_session
    ADD CONSTRAINT django_session_pkey PRIMARY KEY (session_key);


--
-- Name: site_obpc_carrosel_index site_obpc_carrosel_index_pkey; Type: CONSTRAINT; Schema: public; Owner: jonathanbrito
--

ALTER TABLE ONLY public.site_obpc_carrosel_index
    ADD CONSTRAINT site_obpc_carrosel_index_pkey PRIMARY KEY (id);


--
-- Name: site_obpc_carrosel_index site_obpc_carrosel_index_posicao_key; Type: CONSTRAINT; Schema: public; Owner: jonathanbrito
--

ALTER TABLE ONLY public.site_obpc_carrosel_index
    ADD CONSTRAINT site_obpc_carrosel_index_posicao_key UNIQUE (posicao);


--
-- Name: site_obpc_categoria_servicos site_obpc_categoria_servicos_pkey; Type: CONSTRAINT; Schema: public; Owner: jonathanbrito
--

ALTER TABLE ONLY public.site_obpc_categoria_servicos
    ADD CONSTRAINT site_obpc_categoria_servicos_pkey PRIMARY KEY (id);


--
-- Name: site_obpc_congregacoes site_obpc_congregacoes_pkey; Type: CONSTRAINT; Schema: public; Owner: jonathanbrito
--

ALTER TABLE ONLY public.site_obpc_congregacoes
    ADD CONSTRAINT site_obpc_congregacoes_pkey PRIMARY KEY (id);


--
-- Name: site_obpc_cursos site_obpc_cursos_pkey; Type: CONSTRAINT; Schema: public; Owner: jonathanbrito
--

ALTER TABLE ONLY public.site_obpc_cursos
    ADD CONSTRAINT site_obpc_cursos_pkey PRIMARY KEY (id);


--
-- Name: site_obpc_devocional site_obpc_devocional_pkey; Type: CONSTRAINT; Schema: public; Owner: jonathanbrito
--

ALTER TABLE ONLY public.site_obpc_devocional
    ADD CONSTRAINT site_obpc_devocional_pkey PRIMARY KEY (id);


--
-- Name: site_obpc_eventos site_obpc_eventos_pkey; Type: CONSTRAINT; Schema: public; Owner: jonathanbrito
--

ALTER TABLE ONLY public.site_obpc_eventos
    ADD CONSTRAINT site_obpc_eventos_pkey PRIMARY KEY (id);


--
-- Name: site_obpc_instagramapi site_obpc_instagramapi_pkey; Type: CONSTRAINT; Schema: public; Owner: jonathanbrito
--

ALTER TABLE ONLY public.site_obpc_instagramapi
    ADD CONSTRAINT site_obpc_instagramapi_pkey PRIMARY KEY (id);


--
-- Name: site_obpc_instagramtoken site_obpc_instagramtoken_pkey; Type: CONSTRAINT; Schema: public; Owner: jonathanbrito
--

ALTER TABLE ONLY public.site_obpc_instagramtoken
    ADD CONSTRAINT site_obpc_instagramtoken_pkey PRIMARY KEY (id);


--
-- Name: site_obpc_lideres_ministerios site_obpc_lideres_ministerios_pkey; Type: CONSTRAINT; Schema: public; Owner: jonathanbrito
--

ALTER TABLE ONLY public.site_obpc_lideres_ministerios
    ADD CONSTRAINT site_obpc_lideres_ministerios_pkey PRIMARY KEY (id);


--
-- Name: site_obpc_ministerios site_obpc_ministerios_pkey; Type: CONSTRAINT; Schema: public; Owner: jonathanbrito
--

ALTER TABLE ONLY public.site_obpc_ministerios
    ADD CONSTRAINT site_obpc_ministerios_pkey PRIMARY KEY (id);


--
-- Name: site_obpc_pastores site_obpc_pastores_pkey; Type: CONSTRAINT; Schema: public; Owner: jonathanbrito
--

ALTER TABLE ONLY public.site_obpc_pastores
    ADD CONSTRAINT site_obpc_pastores_pkey PRIMARY KEY (id);


--
-- Name: site_obpc_pastores site_obpc_pastores_posicao_key; Type: CONSTRAINT; Schema: public; Owner: jonathanbrito
--

ALTER TABLE ONLY public.site_obpc_pastores
    ADD CONSTRAINT site_obpc_pastores_posicao_key UNIQUE (posicao);


--
-- Name: site_obpc_quemsomos site_obpc_quemsomos_pkey; Type: CONSTRAINT; Schema: public; Owner: jonathanbrito
--

ALTER TABLE ONLY public.site_obpc_quemsomos
    ADD CONSTRAINT site_obpc_quemsomos_pkey PRIMARY KEY (id);


--
-- Name: site_obpc_servicos site_obpc_servicos_pkey; Type: CONSTRAINT; Schema: public; Owner: jonathanbrito
--

ALTER TABLE ONLY public.site_obpc_servicos
    ADD CONSTRAINT site_obpc_servicos_pkey PRIMARY KEY (id);


--
-- Name: site_obpc_youtubeapi site_obpc_youtubeapi_pkey; Type: CONSTRAINT; Schema: public; Owner: jonathanbrito
--

ALTER TABLE ONLY public.site_obpc_youtubeapi
    ADD CONSTRAINT site_obpc_youtubeapi_pkey PRIMARY KEY (id);


--
-- Name: site_obpc_youtubeapi site_obpc_youtubeapi_videoId_c7218c7d_uniq; Type: CONSTRAINT; Schema: public; Owner: jonathanbrito
--

ALTER TABLE ONLY public.site_obpc_youtubeapi
    ADD CONSTRAINT "site_obpc_youtubeapi_videoId_c7218c7d_uniq" UNIQUE ("videoId");


--
-- Name: auth_group_name_a6ea08ec_like; Type: INDEX; Schema: public; Owner: jonathanbrito
--

CREATE INDEX auth_group_name_a6ea08ec_like ON public.auth_group USING btree (name varchar_pattern_ops);


--
-- Name: auth_group_permissions_group_id_b120cbf9; Type: INDEX; Schema: public; Owner: jonathanbrito
--

CREATE INDEX auth_group_permissions_group_id_b120cbf9 ON public.auth_group_permissions USING btree (group_id);


--
-- Name: auth_group_permissions_permission_id_84c5c92e; Type: INDEX; Schema: public; Owner: jonathanbrito
--

CREATE INDEX auth_group_permissions_permission_id_84c5c92e ON public.auth_group_permissions USING btree (permission_id);


--
-- Name: auth_permission_content_type_id_2f476e4b; Type: INDEX; Schema: public; Owner: jonathanbrito
--

CREATE INDEX auth_permission_content_type_id_2f476e4b ON public.auth_permission USING btree (content_type_id);


--
-- Name: auth_user_groups_group_id_97559544; Type: INDEX; Schema: public; Owner: jonathanbrito
--

CREATE INDEX auth_user_groups_group_id_97559544 ON public.auth_user_groups USING btree (group_id);


--
-- Name: auth_user_groups_user_id_6a12ed8b; Type: INDEX; Schema: public; Owner: jonathanbrito
--

CREATE INDEX auth_user_groups_user_id_6a12ed8b ON public.auth_user_groups USING btree (user_id);


--
-- Name: auth_user_user_permissions_permission_id_1fbb5f2c; Type: INDEX; Schema: public; Owner: jonathanbrito
--

CREATE INDEX auth_user_user_permissions_permission_id_1fbb5f2c ON public.auth_user_user_permissions USING btree (permission_id);


--
-- Name: auth_user_user_permissions_user_id_a95ead1b; Type: INDEX; Schema: public; Owner: jonathanbrito
--

CREATE INDEX auth_user_user_permissions_user_id_a95ead1b ON public.auth_user_user_permissions USING btree (user_id);


--
-- Name: auth_user_username_6821ab7c_like; Type: INDEX; Schema: public; Owner: jonathanbrito
--

CREATE INDEX auth_user_username_6821ab7c_like ON public.auth_user USING btree (username varchar_pattern_ops);


--
-- Name: django_admin_log_content_type_id_c4bce8eb; Type: INDEX; Schema: public; Owner: jonathanbrito
--

CREATE INDEX django_admin_log_content_type_id_c4bce8eb ON public.django_admin_log USING btree (content_type_id);


--
-- Name: django_admin_log_user_id_c564eba6; Type: INDEX; Schema: public; Owner: jonathanbrito
--

CREATE INDEX django_admin_log_user_id_c564eba6 ON public.django_admin_log USING btree (user_id);


--
-- Name: django_session_expire_date_a5c62663; Type: INDEX; Schema: public; Owner: jonathanbrito
--

CREATE INDEX django_session_expire_date_a5c62663 ON public.django_session USING btree (expire_date);


--
-- Name: django_session_session_key_c0390e0f_like; Type: INDEX; Schema: public; Owner: jonathanbrito
--

CREATE INDEX django_session_session_key_c0390e0f_like ON public.django_session USING btree (session_key varchar_pattern_ops);


--
-- Name: site_obpc_eventos_ministerio_id_b9e63c63; Type: INDEX; Schema: public; Owner: jonathanbrito
--

CREATE INDEX site_obpc_eventos_ministerio_id_b9e63c63 ON public.site_obpc_eventos USING btree (ministerio_id);


--
-- Name: site_obpc_lideres_ministerios_ministerio_id_cb702022; Type: INDEX; Schema: public; Owner: jonathanbrito
--

CREATE INDEX site_obpc_lideres_ministerios_ministerio_id_cb702022 ON public.site_obpc_lideres_ministerios USING btree (ministerio_id);


--
-- Name: site_obpc_servicos_categoria_id_ff68e50b; Type: INDEX; Schema: public; Owner: jonathanbrito
--

CREATE INDEX site_obpc_servicos_categoria_id_ff68e50b ON public.site_obpc_servicos USING btree (categoria_id);


--
-- Name: site_obpc_youtubeapi_videoId_c7218c7d_like; Type: INDEX; Schema: public; Owner: jonathanbrito
--

CREATE INDEX "site_obpc_youtubeapi_videoId_c7218c7d_like" ON public.site_obpc_youtubeapi USING btree ("videoId" varchar_pattern_ops);


--
-- Name: auth_group_permissions auth_group_permissio_permission_id_84c5c92e_fk_auth_perm; Type: FK CONSTRAINT; Schema: public; Owner: jonathanbrito
--

ALTER TABLE ONLY public.auth_group_permissions
    ADD CONSTRAINT auth_group_permissio_permission_id_84c5c92e_fk_auth_perm FOREIGN KEY (permission_id) REFERENCES public.auth_permission(id) DEFERRABLE INITIALLY DEFERRED;


--
-- Name: auth_group_permissions auth_group_permissions_group_id_b120cbf9_fk_auth_group_id; Type: FK CONSTRAINT; Schema: public; Owner: jonathanbrito
--

ALTER TABLE ONLY public.auth_group_permissions
    ADD CONSTRAINT auth_group_permissions_group_id_b120cbf9_fk_auth_group_id FOREIGN KEY (group_id) REFERENCES public.auth_group(id) DEFERRABLE INITIALLY DEFERRED;


--
-- Name: auth_permission auth_permission_content_type_id_2f476e4b_fk_django_co; Type: FK CONSTRAINT; Schema: public; Owner: jonathanbrito
--

ALTER TABLE ONLY public.auth_permission
    ADD CONSTRAINT auth_permission_content_type_id_2f476e4b_fk_django_co FOREIGN KEY (content_type_id) REFERENCES public.django_content_type(id) DEFERRABLE INITIALLY DEFERRED;


--
-- Name: auth_user_groups auth_user_groups_group_id_97559544_fk_auth_group_id; Type: FK CONSTRAINT; Schema: public; Owner: jonathanbrito
--

ALTER TABLE ONLY public.auth_user_groups
    ADD CONSTRAINT auth_user_groups_group_id_97559544_fk_auth_group_id FOREIGN KEY (group_id) REFERENCES public.auth_group(id) DEFERRABLE INITIALLY DEFERRED;


--
-- Name: auth_user_groups auth_user_groups_user_id_6a12ed8b_fk_auth_user_id; Type: FK CONSTRAINT; Schema: public; Owner: jonathanbrito
--

ALTER TABLE ONLY public.auth_user_groups
    ADD CONSTRAINT auth_user_groups_user_id_6a12ed8b_fk_auth_user_id FOREIGN KEY (user_id) REFERENCES public.auth_user(id) DEFERRABLE INITIALLY DEFERRED;


--
-- Name: auth_user_user_permissions auth_user_user_permi_permission_id_1fbb5f2c_fk_auth_perm; Type: FK CONSTRAINT; Schema: public; Owner: jonathanbrito
--

ALTER TABLE ONLY public.auth_user_user_permissions
    ADD CONSTRAINT auth_user_user_permi_permission_id_1fbb5f2c_fk_auth_perm FOREIGN KEY (permission_id) REFERENCES public.auth_permission(id) DEFERRABLE INITIALLY DEFERRED;


--
-- Name: auth_user_user_permissions auth_user_user_permissions_user_id_a95ead1b_fk_auth_user_id; Type: FK CONSTRAINT; Schema: public; Owner: jonathanbrito
--

ALTER TABLE ONLY public.auth_user_user_permissions
    ADD CONSTRAINT auth_user_user_permissions_user_id_a95ead1b_fk_auth_user_id FOREIGN KEY (user_id) REFERENCES public.auth_user(id) DEFERRABLE INITIALLY DEFERRED;


--
-- Name: django_admin_log django_admin_log_content_type_id_c4bce8eb_fk_django_co; Type: FK CONSTRAINT; Schema: public; Owner: jonathanbrito
--

ALTER TABLE ONLY public.django_admin_log
    ADD CONSTRAINT django_admin_log_content_type_id_c4bce8eb_fk_django_co FOREIGN KEY (content_type_id) REFERENCES public.django_content_type(id) DEFERRABLE INITIALLY DEFERRED;


--
-- Name: django_admin_log django_admin_log_user_id_c564eba6_fk_auth_user_id; Type: FK CONSTRAINT; Schema: public; Owner: jonathanbrito
--

ALTER TABLE ONLY public.django_admin_log
    ADD CONSTRAINT django_admin_log_user_id_c564eba6_fk_auth_user_id FOREIGN KEY (user_id) REFERENCES public.auth_user(id) DEFERRABLE INITIALLY DEFERRED;


--
-- Name: site_obpc_eventos site_obpc_eventos_ministerio_id_b9e63c63_fk_site_obpc; Type: FK CONSTRAINT; Schema: public; Owner: jonathanbrito
--

ALTER TABLE ONLY public.site_obpc_eventos
    ADD CONSTRAINT site_obpc_eventos_ministerio_id_b9e63c63_fk_site_obpc FOREIGN KEY (ministerio_id) REFERENCES public.site_obpc_ministerios(id) DEFERRABLE INITIALLY DEFERRED;


--
-- Name: site_obpc_lideres_ministerios site_obpc_lideres_mi_ministerio_id_cb702022_fk_site_obpc; Type: FK CONSTRAINT; Schema: public; Owner: jonathanbrito
--

ALTER TABLE ONLY public.site_obpc_lideres_ministerios
    ADD CONSTRAINT site_obpc_lideres_mi_ministerio_id_cb702022_fk_site_obpc FOREIGN KEY (ministerio_id) REFERENCES public.site_obpc_ministerios(id) DEFERRABLE INITIALLY DEFERRED;


--
-- Name: site_obpc_servicos site_obpc_servicos_categoria_id_ff68e50b_fk_site_obpc; Type: FK CONSTRAINT; Schema: public; Owner: jonathanbrito
--

ALTER TABLE ONLY public.site_obpc_servicos
    ADD CONSTRAINT site_obpc_servicos_categoria_id_ff68e50b_fk_site_obpc FOREIGN KEY (categoria_id) REFERENCES public.site_obpc_categoria_servicos(id) DEFERRABLE INITIALLY DEFERRED;


--
-- PostgreSQL database dump complete
--

